,OPS,OPS,OPS,OPS,OPS,OPS,OPS,OPS,OPS,OPS,OPS,OPS,OPS,OPS,OPS,OPS,OPS,OPS,OPS,OPS,OPS,OPS,OPS,OPS,OPS,OPS,OPS,OPS,OPS,OPS,OPS,OPS,OPS,OPS,OPS,OPS,OPS,OPS,OPS,OPS,OPS,OPS,OPS,OPS,OPS,OPS,OPS,OPS,OPS,OPS,OPS,OPS,OPS,OPS,OPS,OPS,OPS,OPS,OPS,OPS,OPS,OPS,OPS,OPS,OPS,OPS,OPS,OPS,OPS,OPS,OPS,OPS,OPS,OPS,OPS,OPS,OPS,OPS,OPS,OPS,OPS,OPS,OPS,OPS,OPS,OPS,OPS,OPS,OPS,OPS,OPS,OPS,OPS,OPS,OPS,OPS,OPS,OPS,OPS,OPS,OPS,OPS,OPS,OPS,OPS,OPS,OPS,OPS,OPS,OPS,OPS,OPS,OPS,OPS,OPS,OPS,OPS,OPS,OPS,OPS,OPS,OPS,OPS,OPS,OPS,OPS,OPS,OPS,OPS,OPS,OPS,OPS,OPS,OPS,OPS,OPS,OPS
PitcherID,10000001,10000004,10000007,10000012,10000060,10000066,10000071,10000095,10000096,10000101,10000113,10000117,10000151,10000153,10000155,10000184,10000189,10000193,10000202,10000247,10000249,10000250,10000276,10000291,10000328,10000330,10000335,10000342,10000364,10000367,10000371,10000372,10000421,10000426,10000432,10000466,10000469,10000506,10000519,10000520,10000555,10000556,10000564,10000567,10000569,10000602,10000613,10000622,10000694,10000746,10000748,10000786,10000805,10000807,10000842,10000843,10000848,10000850,10000886,10000895,10000931,10000970,10000977,10000981,10000986,10001017,10001025,10001031,10001064,10001065,10001072,10001150,10001154,10001157,10001161,10001186,10001187,10001191,10001202,10001203,10001243,10001250,10001290,10001303,10001305,10001333,10001335,10001337,10001345,10001350,10001353,10001629,10001986,10001993,10002046,10002058,10002066,10002077,10002091,10002098,10003142,10003206,10003212,10003259,10003284,10003322,10003325,10003360,10004421,10005232,10005234,10005288,10005290,10005294,10005311,10005315,10005327,10005337,10005349,10005351,10005587,10005787,10005835,10005848,10005879,10005913,10006172,10006183,10006353,10006438,10006571,10006766,10006824,10007245,10007361,10007523,10008667
BatterID,,,,,,,,,,,,,,,,,,,,,,,,,,,,,,,,,,,,,,,,,,,,,,,,,,,,,,,,,,,,,,,,,,,,,,,,,,,,,,,,,,,,,,,,,,,,,,,,,,,,,,,,,,,,,,,,,,,,,,,,,,,,,,,,,,,,,,,,,
10000029,,,,0.375,,,0.8,,,,,,,,,,,,,,,,,,,,,,1.6669999999999998,,,,,,,,,,,,,,,,,,,,,,,,,,,,,,,,,0.222,,,,,,0.111,,,,,,,,,,,,,,,,,,,,0.9440000000000001,,,,0.77,,,,,,,,,,,,,,,,,,,,0.778,1.834,,,,,,,,,,,,,,,,,,,,,,,,
10000031,,,,0.875,,,0.9209999999999999,,,,,,,,,0.733,,,,,,,,,,,,,1.069,,,,,,0.708,,,,,,,,,,,,,,,,,,,,,,,,,,,0.32899999999999996,,0.599,,,,1.0859999999999999,,,,,,,0.63,,,,,,,,,,,,,1.376,,0.802,,1.088,0.861,,1.571,0.496,,,,,,,,,,,,,,,,0.5529999999999999,1.286,,,,,,,1.611,,,,,,,,,,,,,,,,,
10000034,,,,,,,0.7390000000000001,,,,,,,,,0.606,,,,,,,,,,,,,0.9,,,,,,,,,,,,,,,,,,,,,,,,,,,,,,,,,1.25,,,,,,0.46299999999999997,,,,,,,0.8440000000000001,,,,,,,,,,,,,0.9279999999999999,,0.6659999999999999,,0.985,,,,1.556,,,,,,,,,,,,,,,,0.539,0.637,,,,,,,0.925,,,,,,,,,,,,,,,,,
10000038,,,,,,,,,,,,,,,,,,,,,,,0.0,,,,,,,1.0090000000000001,,,,0.581,,,,,,,,,,,,,,,,,,,0.606,,,,,,,,,,,,,,,,,,,,,,,,,,,,,,,,,0.14300000000000002,,,1.08,0.512,,,,,0.629,,,,,,,,,,,0.857,,,,0.528,,,,0.6659999999999999,,,,,,,,,0.9,,,,,,,,1.159,,,,,,
10000040,,,,,,,0.39799999999999996,,,,,,,,,0.659,,,,,,,,,,,,,,,,,,,0.1,,,,,,,,,,,,,,,,,,,,,,,,,,,1.278,,2.333,,,,0.732,,,,,,,0.16699999999999998,,,,,,,,,,,,,0.0,,1.155,,,0.583,,1.0,1.2229999999999999,,,,,,,,,,,,,,,,0.794,1.0,,,,,,,0.977,,,,,,0.6659999999999999,,,,,,,,,,,
10000041,,,,,,,1.286,,,,,,,,,0.33399999999999996,,,,,,,,,,,,,0.9,,,,,,1.571,,,,,,,,,,,,,,,,,,,,,,,,,,,0.501,,0.111,,,,0.40399999999999997,,,,,,,1.615,,,,,,,,,,,,,0.708,,1.6669999999999998,,1.157,0.16699999999999998,,1.429,1.4,,,,,,,,,,,,,,,,0.629,1.4,,,,,,,1.625,,,,,,0.833,,,,,,,,,,,
10000045,,0.41700000000000004,,,,,,,,,,,,,0.55,,,,,,0.685,,,,1.0170000000000001,0.6659999999999999,0.111,,,,,,,,0.266,,1.617,1.155,,,0.9,,,,,,,,0.0,0.953,,,,,,,0.762,0.523,0.111,,,,0.7170000000000001,,,,,,0.158,,,,,,,,0.5720000000000001,,,0.624,,,0.807,0.591,,,,,,,0.1,,,1.083,,,,,,,,,,,,,,,,,,,,,0.429,,,,,,,,,,,,,,,,,,,,,,
10000073,,,,,,,,,,,1.1,,,,,,,,,,,,,0.5820000000000001,,,,,,,,,,,,,,,,,,,,,0.5,,0.41700000000000004,,,,,0.33399999999999996,,,,,,,0.44,,0.988,,,,,,,1.0,,,0.637,,,,,,,,0.804,,,,,,,,0.764,,,,,,,,,,,,0.81,,,,,,,,,,,,,,,,,,,,,,,,,,,,,,,1.133,,,,,,,
10000077,,,,,,,,,,,,,,,,,,,,1.357,,,0.86,,,,,,,0.332,,1.2919999999999998,,0.948,,,,,,,,,,,,,,,,,,,1.4,,,,,,,,,,,,,,,,,,,,,,,,,,,,,,,,,1.953,,,0.774,1.169,,,,,,,,,,,,0.708,,,,0.461,,,,0.9690000000000001,,,,0.5,,,,,,,,,0.904,,,,,,,,0.46399999999999997,,,,,,
10000081,,,,,,,,,,,,,0.33399999999999996,,,,,1.0759999999999998,0.6659999999999999,,,,,,,,,,,,0.81,,,,,0.33399999999999996,,,,,,,,,,,,,,,,,,,,,,,,,,,,,1.412,,,,,,,,,0.7929999999999999,0.7170000000000001,,,,,0.33399999999999996,,0.0,,,,,,0.597,,0.33399999999999996,,,,,,,0.546,,,0.5329999999999999,0.5,,,,,,,,,0.6,,,,,,,,,,,,,,,,0.34700000000000003,0.762,,,,,,0.33399999999999996,,,,
10000082,,,,,,,,,,,0.33399999999999996,,,,,,,,,,,,,,,,,,,,,,,,,,,,,,,,,,,,,,0.708,,,,,,,,,,,,,,0.111,,,,,,,,,,,,,,,,,0.16699999999999998,,,0.28600000000000003,,,,,,,,,,,,,,,,,,,,,,,,,,,,,,,,,,,,,,,,,,,,,,,,,,,,,,
10000084,,,,,,,,,,,1.375,,,0.804,,,0.182,,,,,0.33299999999999996,,1.0,,,0.33399999999999996,,,,,,0.94,,0.34299999999999997,,,,,,,,,,,,,,,,,,,,,,0.637,0.555,,,,0.28600000000000003,,1.0090000000000001,,,0.444,,,0.192,,,,,,,,1.194,0.9,,0.813,,,,,,0.358,,,,,,,,,,,0.5,0.513,,,,,,,,1.1420000000000001,,,,,,,,1.55,,,0.444,,,,,,,,,,,,,,,,,,,
10000089,,,,,,,,,,,,,,,,,,,,0.5720000000000001,,,,,,,,,,0.8440000000000001,,1.171,,0.7659999999999999,,,,,,0.8190000000000001,,,,,,,,,,,,,0.905,,,,,,,,,,,,,,,,,,,,,,,,,,,,,,,,,0.804,,,1.0070000000000001,0.805,,,,,1.125,,,,,,,0.9440000000000001,,,,0.8590000000000001,,,,0.816,,,,1.166,,,,,,,,,1.778,,,,,,,,0.9,,,,,,
10000121,,,,,,,,,,,,,,,0.555,,,,,,0.414,,,,0.65,,0.308,,,,,,,,0.429,,0.9640000000000001,0.7879999999999999,,,,,,,,,,,0.875,0.5,,,,,,,0.47100000000000003,0.0,1.0,,,,0.14300000000000002,,,,,,1.1440000000000001,,,,,,,,1.117,,,0.611,,,0.125,0.349,,,,,,,,,,,,,,,,,,,,,,,,,,,,,,,,,,,,,,,,,,,,,,,,,,,,,
10000123,,,,,,,,,,,,,,,,0.16699999999999998,,,,,,0.0,,,,,,,,0.16699999999999998,,,,,,1.055,,,,,,,,,,,,0.16699999999999998,,,,,,,,1.165,,,,,,,,,0.5329999999999999,,,,,,,,,,,,,,,,,,,,,,,,,,,0.0,,,,1.3330000000000002,,,,,,,,0.8340000000000001,,,,,,,1.238,,,,,,,,,,,,,,,,,,,,,,,0.0,,,
10000125,,0.474,,,,,,,,,,,,,0.563,,,,,,0.243,,,,1.0490000000000002,0.311,0.38799999999999996,,,,,,,,0.5,,0.28600000000000003,0.297,,,,,,,,,,,0.904,0.838,,,,,,,0.645,0.6709999999999999,0.6809999999999999,,,,0.8190000000000001,,,,,,0.722,,,,,,,,1.038,,,0.826,,,0.802,1.516,,,,,,,2.251,,,0.856,,,,,,,,,,,,,,,1.381,,,,,,0.28600000000000003,,,,,,,,,,,,,,,,,,,,,,
10000126,,,,,,,,,,,,,,,,,,,,,,,,,,,,,,,,,,0.244,,,,,,1.5,,,,,,,,,,,,,,,,,,,,,,,,,,,,,,,,,,,,,,,,,,,,,,,,,0.625,,,,,,,,,,,,,,,,,,,,,0.858,,,,,,,,,,,,,,,,,,,,,1.4669999999999999,,,,,,
10000129,,,,,,,,,,,,,,,0.5760000000000001,,,,,,1.162,,,,2.349,0.6609999999999999,1.125,,,,,,,,0.792,,0.511,0.516,,,1.4580000000000002,,,,,,,,1.0,0.782,,,,,,,1.0759999999999998,0.531,0.6509999999999999,,,,0.62,,,,,,0.988,,,,,,,,0.7509999999999999,,,0.927,,,0.745,0.485,,,,,,,1.555,,,1.129,,,,,,,,,,,,,,,1.089,,,,,,0.833,,,,,,,,,,,,,,,,,,,,,,
10000137,,0.214,,,,,,,,,,,,,0.8320000000000001,,,,,,0.6559999999999999,,,,0.38799999999999996,0.588,0.45,,,,,,,,0.8290000000000001,,0.485,0.174,,,0.444,,,,,,,,0.182,1.11,,,,,,,0.8079999999999999,1.1079999999999999,0.823,,,,0.968,0.75,,,,,0.6920000000000001,,,,,,,,0.74,,,0.7759999999999999,,,0.8740000000000001,0.45299999999999996,,,,,,,0.988,,,0.648,,,,,,,,,,,,,,,1.214,,,,,,0.425,,,,,,,,,,,,,,,,,,,,,,
10000163,,,,,,,,,,,,,,,,,,,,,,,,,,,,,,,,,,,,,,,,,,,,,,,,,,,,,,,,,,0.929,,,,,,,,,,,,,,,,,,,,,,,,,0.6659999999999999,0.0,,,,,,,,,,,,,,,,,,,,,,,,,,,,,,,,,,,,,,,,,,,,,,,,,,,,,
10000164,,,,,,,,0.733,,,0.34700000000000003,,,,,,0.5,,,,,,,,,,,,,,,,,,,,,,,,,,,,,,,,,,,,,,,,,0.364,,,,,,,,,,,0.69,,,,,,,,0.354,1.4769999999999999,,,,,0.42100000000000004,0.542,,,,,,,,,,,,,,,,,,,,,,,,,,,,,,,,,,,,,,,,,,,,,,,,,,,,,
10000165,,,,,1.0959999999999999,,,0.9209999999999999,,,0.49200000000000005,,,,,,1.3,,,,,,,,,,,,,,,,,,,,,0.75,,,,,,,,,,,,,,,,,,,,0.609,0.6970000000000001,,,,,,,1.5,,,0.43,,,,,,,0.591,0.8290000000000001,0.745,,,,,0.47600000000000003,0.364,,,,,,,,,,,,,,0.33299999999999996,1.285,,,,,,,,,,,,,,,,,0.46399999999999997,,,,,,,,,,,,,,,,,,,,,
10000173,,,,,1.141,,,0.594,,,0.408,,,,,,1.16,,,,,,,,,,,,,,,,,,,,,1.319,,,,,,,1.725,,,,,,,,,,,,,0.8270000000000001,1.043,,0.836,,,,,0.345,,,0.7040000000000001,,,,,,,0.872,0.685,1.043,,,,,1.0270000000000001,0.49,,,0.28600000000000003,,,,,,,,,,,0.606,1.2,,,,,,,,,,,,,,,,,0.762,,,,,,,,,,,,,,,,,,,0.833,,
10000174,,,0.5,,,,0.5329999999999999,,,,,,,,,,,,,,,,,,,,,,,,,,,1.1540000000000001,,,,,,,,,0.833,,,,0.488,0.5,,,,,,,,,,,,,,,,,,,,0.6659999999999999,,1.8,,,,,,,,,,,,,,,,,,0.237,,,,0.7090000000000001,,,,,,,,,,,,,,,,,,,,,,,,,,,,,,,,,,,,,,,,,,,,,
10000176,,,,,,,,0.9309999999999999,,,0.8590000000000001,,,,,,0.0,,,,,,,,,,,,,,,,,,,,,2.4,,,,,,,0.9,,,,,,,,,,,,,0.7020000000000001,0.28800000000000003,,0.8340000000000001,,,,,0.33399999999999996,,,0.579,,,,,,,1.008,1.2409999999999999,0.8240000000000001,,,,,0.387,0.899,,,,,,,,,,,,,,0.883,1.508,,,,,,,,,,,,,,,,,0.953,,,,,,,,,,,,,,,,,,,,,
10000177,,,,,0.34700000000000003,,,0.8140000000000001,,,1.156,,,,,,1.089,,,,,,,,,,,,,,,,,,,,,0.9,,,,,,,,,,,,,,,,,,,,0.445,1.0170000000000001,,,,,,,,,,0.344,,,,,,,0.302,0.509,0.467,,,,,0.6940000000000001,0.977,,,,,,,,,,,,,,0.585,0.0,,,,,,,,,,,,,,,,,0.42200000000000004,,,,,,,,,,,,,,,,,,,,,
10000209,,1.0,,,,,,,,,,,,,,,,,,,,,,0.584,,,,,,,,,,,,,0.812,,,,,,,,,,,,0.536,,,,,,,,,,,,,,,,,,0.2,,0.182,,,1.0,1.847,0.182,0.75,,0.111,,,0.45299999999999996,,,,1.084,,,,,,,,,,,,,,,,,,,,,,,0.75,0.9,,,,,,,,,1.8330000000000002,,,,,,,,,,,,,,,,,,,,
10000213,0.2,,,,,,,,,,,,,,,,,,,,,,,,0.888,,,,0.34700000000000003,,,,,,,,,,,,,,,,,,,,,,,,,,,1.0,,,,,,,,,,,,,,,,,,,0.6,,,,,,,,,,,,,,,,,,,,,,0.41700000000000004,,,1.222,0.5,,,,0.5329999999999999,,,,,,,,,,,,,,,0.625,1.375,,0.0,,,1.444,,,,,,,0.6659999999999999,,,,
10000214,,,,,,,,,,,,,,,,,,0.43200000000000005,,0.16699999999999998,0.6509999999999999,,,,,,,,,0.4,0.742,,,,,,,,,,,,,,,,,,,,,,0.625,0.444,,0.6659999999999999,,0.444,,,,,,,1.5,,,,,,,,,,,,,,,,,,,,,,,,,,,,,,,,,,,,,,1.0,,,,,,,,,,,,,,,,,,,,,,,,,,,,,,,,,,
10000215,0.111,,,,,,,,,,,,,,,,,,,,,,,,,,,,,,,,,,,,,,,,,,,,,,,,,,,,,,,,,,,,,,,,,,,,,,,,,,,,,,,,,,,,,,,,,,,,,,,,,,,,,,,,,,,,,,,,,,,,,,,,,,,,,,,,,,,,,,,,
10000217,0.244,,,,,0.821,,,,,,,,,,,,,,,,,,,1.314,,,0.6659999999999999,1.222,,,,,,,,,,,,,,,,,,,,,,,,,,,0.875,,,,,,,,,,,,,,,,,,,1.188,,,,,,,,,,,,,,,,,,,,,0.8340000000000001,0.94,,,0.33299999999999996,0.182,,,,1.5830000000000002,,,,,,,,,,,,,,,,0.5,,0.0,,,1.238,,,,,,,0.142,,,,
10000219,,,,,,,,,,,1.3330000000000002,,,0.632,,,,,,,,,,0.858,,,0.28600000000000003,,,,,,0.23600000000000002,,0.413,,,,,,,,,,,,,,,,,,,,,,,0.555,,,,0.462,,0.604,,,0.504,,,1.115,,,,,,,,1.3330000000000002,,,,,,,,,0.7509999999999999,,,,,,,,,,,,,,,,,,,,,,,,,,,,1.571,,,0.6609999999999999,,,,,,,,,,,,0.0,,,,,,,
10000220,,,,,,,,,,,,,,,,,,,,,,,,,,,,,1.125,,,,,,,,,,,,,,,,,,,,,,,,,,,,,,,,,,,,,,,,,,,,,,,,,,,,,,,,,,,,,,,,,,,,,,,,,,,,,,,,,,,,,,,,,,,,,,,,,,,,,,,,,,,,
10000225,,,,,,,,,,,,,,,,,,,,,0.55,,,,,,,,,,,,,,,,,,0.34700000000000003,,,,,0.0,,,,,0.595,,,,,,,,,,,1.0,,,0.40399999999999997,,,,,,0.75,,,1.5,,,,,,,,,,,,,,,,,,,0.0,,,,,,,,,,,,,,,,,,,,,,,,,,,,,,,,,,,,,,,,,,,,,,
10000227,,,0.425,,,,0.804,,,,,,,,,,,,,,,0.429,,,,,,,0.14300000000000002,,,,,,,,,,,,,,,,,,,,,,,,,,,,,,,,,0.971,,,,,,,,,,,,,,,,,,,,,,,,,,,,,,,,,,0.833,,,,,,,,,,,,,,,,,,,,,,,,,,,,,,,,,,,,,,,,,
10000255,,,,,,,,,,,,,,,,,,,,,,,,,,,,,,,,,,0.727,,,,,,0.821,,,,,,,,,,,,,,,,,,,,,,,,,,,,,,,,,,,,,,,,,,,,,,,,,,,,,,,,,,,,,,,,,,,,,,,,,,,,,,,,,,,0.16699999999999998,,,,,,,,,,,,,,
10000258,,1.736,,,,,,,,,,,,,,,,,,,,,,,,,,,,,,,,,1.307,,1.167,0.885,,,,,,,,,,,0.47200000000000003,0.66,,,,,,0.833,,,,,,,,,,,1.2229999999999999,,0.7170000000000001,0.41,,,0.6659999999999999,,0.6659999999999999,,0.6859999999999999,,,0.5329999999999999,,,,,,,,,,,1.228,,,0.733,,,,,,,,,,,,,,0.888,,,,,,,,,1.0090000000000001,,,,,,,,,,,,,,,,,,,,
10000260,,0.28600000000000003,,,,,,,,,,,,,,,,,,,,,,,,,,,,,,,,,,,,1.555,,,,,,,,,,,,,,,,,,,,,,,,,,,,,0.9390000000000001,,0.0,,,,,,,,,,,,,,,,,,,,,,1.319,,,0.166,,,,,,,,,,,,,,,,,,,,,,0.33299999999999996,0.708,,,,,,,,,,,,,,,,,,,,
10000261,,0.222,,,,,,,,,,,,,,,,,,,,,,,,,,,,,,,,,,,,0.866,,,,,,,,,,,,0.0,,,,,,,,,,,,,,,,,0.111,,0.33399999999999996,,,,,,,,0.875,,,,,,,,,,,,,,0.733,,,0.625,,,,,,,,,,,,,,,,,,,,,,,0.856,,,,,,,,,,,,,,,,,,,,
10000266,,0.0,,,,,,,,,,,,,,,,,,,,,,,,,,,,,,,,,0.27699999999999997,,,0.87,,,,,,,,,,,,0.715,,,,,,,,,,,,,,,,,0.457,,0.33399999999999996,1.3330000000000002,,,1.4280000000000002,,,,1.169,,,0.33399999999999996,,,,,,,,,,,1.571,,,0.938,,,,,,,,,,,,,,1.238,,,,,,,,,1.071,,,,,,,,,,,,,,,,,,,,
10000271,,,,,,,,,,,,,,,,,,,,,,,,,,,,,,,,,,,,,,,,,,,,,,,,,,,,,,,,1.071,,0.0,,,,,,,,,,,,,,,,,,,,,,,,,,,,,,,,,,,,,,,,,,,,,,,,,,,,,,,,,,,,,,,,,,,,,,,,,,,,,,,
10000273,,,,,,,,,,,,,,,,,,,,,,,,,,,,,,,,,,,0.33299999999999996,,,0.667,,,,,,,,,,,,,,,,,,,,,,,,,,,,,,,,,,,,,,,,,,,,,,,,,,,,,,,,,,,,,,,,,,,,,,,,,,,,,,,,,,,,,,,,,,,,,,,,,,,
10000301,1.0,,,,,,,,,,,,,,,,,,,,,,,,,,,,,,0.75,,,0.6609999999999999,,,,,,,,,,,,,,,,,,,,,,,,,,,,,,,0.637,,,,,,,,,0.705,0.635,,,,,,,,,,,,,0.6659999999999999,,0.28600000000000003,,,,,,,,,,,,,,,,,,,,0.0,,,,,,,,,,,,,,,,,0.971,,,,,,,,,,
10000302,,,,,,,,,,,,,0.708,,,,,0.16699999999999998,,,,,,,,,,,,,,,,,,,,,,,,,,,,,,,,,,,,,,,,,,,,,,,,,,,,,,,,0.833,0.9229999999999999,,,,,,,,,,,,,0.775,,0.9,,,,,,,,,,,,,,,,,,,,0.16699999999999998,,,,,,,,,,,,,,,,,,,,,,,,,,,
10000304,,,,,,,,,,,,,,0.875,,,,,,,,0.612,,0.7509999999999999,,,0.111,1.24,,,,,0.28600000000000003,,0.833,,,,,,,,,,,,,,,,,,,,,,0.8190000000000001,1.5,,,,0.336,,0.23,,,0.91,,,,,,,,,,,,,,,,,,,,0.888,,,,,,,,,0.5329999999999999,,,,,,,,,,,,,,,,,,,1.167,,,,,,,,,,,,,,,0.667,,,,,,,
10000305,0.091,,,,,0.634,,,,,,,,,,,,,,,,,,,,,,,,,0.92,,,,,,,,,,,,,,,,,,,,,,,,,,,,,,,,,,,,,,,,,,,0.431,0.946,,,,,,,,,,,,,0.591,1.089,0.65,,1.75,,,,,,,,0.16699999999999998,,,,,,,,,,,,,,,,,,,,0.5,,,0.16699999999999998,,,,,,,,,,,,,,
10000311,0.698,,,,,,,,,,,,0.222,,,,,0.963,,,,,,,,,,,,,0.536,1.5,,0.091,,,,,,,,,,,,,,,,,,,,,,,,,,,,,,,0.51,,,,,,,,,0.8,0.7809999999999999,,,,,0.16699999999999998,,,,,,,,1.2,,0.75,,,,,,,0.7170000000000001,,,0.5329999999999999,2.833,,,,,,,,,0.778,,,,,,,,,,,,,,,,,0.708,,,,,,,,,,
10000312,1.079,,,,,,,,,,,,1.0,,,,,0.809,1.857,,,,,,,,,,,,1.177,0.585,,1.015,,1.0959999999999999,,,,,,,,,,,,,,,,,,,,,,,,,,,,,0.491,,,,,,,,,0.6970000000000001,1.053,,,,,0.33399999999999996,,0.33399999999999996,,,,,,1.339,,1.122,,,,,,,1.247,,,1.5,0.879,,,,,,,,,0.083,,,,,,,,,,,0.6659999999999999,,,,,0.39299999999999996,2.278,,,,,,1.213,,,,
10000314,0.34600000000000003,,,0.142,,0.731,,,,,,,,,,,,,,,,,,,,,,,,1.857,0.8170000000000001,,,,,,,,,,,,,,,,,,,,,,,,,,,,,,,,,,,,,,,,,,,0.922,0.145,,,,,,,,,,,,,0.652,0.515,0.92,,0.773,,,,,,,,0.5,,,,,1.175,,,,,0.606,,,,,,,,,,0.33399999999999996,,,,,,,,,,,,,,,,,
10000317,0.5,,,,,,,,,,,,0.6609999999999999,,,,,1.137,,,,,,,,,,,,,,1.319,,1.143,,0.573,,,,,,,,,,,,0.75,,,0.9,,,,,,,,,,,,,,1.181,,,,,,,,,0.599,0.433,,,,,0.16699999999999998,,0.0,,,,,,0.466,,0.473,,,,,,,0.522,,,0.75,1.0,,,,,,,,,0.375,,,,,,,,,,,,,,,,,,,,,,,0.4,,,,
10000343,,,,,,,,,,0.5,0.77,,1.1,,,,0.21,0.534,,,,,,,,,,,,,,,,,,,,0.85,,,,,0.9670000000000001,,,,,,,,,,,,,,0.531,,0.41700000000000004,,,,,,,,0.584,,,,1.0,,,,,,,,1.0,0.833,,,,,0.2,,0.696,,,,,,,,,,,,,,,,,,,,,,0.583,,,,,,,,,,,,,,,,,,,,,,,,,,,,
10000344,,,,,,,,,,,,,,,,,,,,,,,,0.182,,,,,,,,,,,,,,0.375,,,,,,,,,,,,,,,,,,,0.762,,0.705,,0.41100000000000003,,,,,,0.28600000000000003,,,,,,,,,,,,,,,,,,0.0,,,,,,,,,,,,,,,,,,,,,,,,,,,,,,,,0.4,,,,,,,,,,,,,,,,,,,,
10000346,,,,,,,,,,,,,,,,,,,,0.34299999999999997,,,,,,,,,,,,,,,,,,,,,,,,,,,,,,,,,,,,,,,,,,,,,0.33399999999999996,,,,,,,,,,,,,,,,,,,,,,,,,,,,,,,,,,,,,,,,,,,,,,,,,,,,,,,,,,,,,,,,,,,,,0.6659999999999999,,,
10000350,,,,,,,,1.222,,0.517,1.0490000000000002,,0.872,,,,0.813,0.42200000000000004,,,,,,0.5720000000000001,,,,,,,,,,,,,,0.693,,,,,0.0,,0.899,,,,,,,,,,,,0.5539999999999999,,0.41200000000000003,,0.946,,0.917,,,0.2,0.879,,,0.757,1.183,,,,,,,,1.043,0.92,,,,,0.8,,0.903,,,,1.94,,,0.41700000000000004,,,,,,,,,,,,,,,0.0,,,,,,,,1.083,,,,,,,,,,,,,,,,,,,,
10000352,,,,,,,,0.708,,0.637,1.6669999999999998,,0.16699999999999998,,,,0.297,1.6,,,,,,0.9640000000000001,,,,,,,,,,,,,,0.423,,,,,0.971,,0.6609999999999999,,,,,,,,,,,,0.8290000000000001,,0.5,,0.8290000000000001,,0.6609999999999999,,,1.444,0.8420000000000001,,,,0.455,0.777,,,,,,,,1.166,,,,,0.44,,0.929,,,,1.7,,,0.462,,,,,,,,,,,,,,,0.956,,,,,,,,1.6,,,,,,,,,,,,,,,,,,,,
10000353,,,,,,0.25,,,,,,,,,,,,,0.25,,,0.222,0.445,,,,,,,,,,,0.345,,1.067,,,,,,,,,,,1.069,0.852,,,,,,,,1.4,,,,,,,,,,,,,,,,,,,,,1.022,,,,0.871,,,,,,,0.657,,,,,,,,,,,,,,,,,,,,,,,,,,,,,,,,,,,,,,,,,,,,,,,,,
10000357,,,,,,,,,,0.16699999999999998,0.627,,,,,,0.445,0.637,,,,,,0.762,,,,,,,,0.16699999999999998,,,,,,0.6779999999999999,,,,,1.0,,,,,,,,,,,,,,0.134,,0.8170000000000001,,,,0.762,,,1.6669999999999998,0.222,,,0.907,0.6659999999999999,,,,,,,,0.746,1.0,,,,,,,0.898,,,,1.0,,,0.5,,,,,,,,,,,,,,,0.733,,,,,,,,0.75,,,,,,,,,,,,,,,,,,,,
10000389,,,0.609,,,,1.071,,,,,,,,,,,,,,,,,,,,,,,,,,,0.462,,1.167,,,,,,,,,,,0.841,0.975,,,,,,,,,,,,,,,,,,,,1.214,,0.47,,,,,,,,,,,,,,,,,,0.8,,,,1.556,,,,,,,,,,,,,,,,,,,,0.8340000000000001,,,,,,,,,,,,,,,,,,,,,,,,,
10000393,,,0.68,,,,,,0.929,,,,,,,,,1.033,,1.111,,,,,,,,,,,,,,0.39299999999999996,,,,,,,,,,,,,0.682,0.8190000000000001,,,,,1.5,0.762,1.75,,,,,,,,,,,,,0.758,,,,,,,,,,,,,,,,,,,,0.873,0.311,0.857,,1.614,,,,,,,,1.556,,,0.85,1.364,0.9059999999999999,,,,,,,,,,,,,,,,,,,,,,,,,,,,,,,,
10000394,,,,,,,,,,,,,,,,,,,,0.125,,,,,,,,,,,,,,,,,,,,,,,,,,,,,,,,,,,,,,,,,,,,,,,,,,,,,,,,,,,,,,,,,,,,,,,,,,,,,,,,,,,,,,,,,,,,,,,,,,,,,,,,,,,,,,,,,,,,,
10000395,,,,1.167,,,,,,,,,,,,0.1,,,,,,,,,,,,,,,,,,,1.8330000000000002,,,,,,,,,,,,,,,,,,,,,,,,,,,0.258,,0.518,,,,0.111,,,,,,,0.929,,,,,,,,,,,,,0.7290000000000001,,0.6659999999999999,,0.45299999999999996,0.43200000000000005,,,0.583,,,,,,,,,,,,,,,,0.433,,,,,,,,0.6659999999999999,,,,,,,,,,,,,,,,,
10000405,,,0.8490000000000001,,,,,,,,,,,,,,,1.167,,1.834,,,,,,,,,,,,,,1.077,,,,,,,,,,,,,0.7,0.675,,,,,0.708,1.881,1.0,,,,,,,,,,,,,0.84,,,,,,,,,,,,,,,,,,,,0.889,1.171,1.5,,0.865,,,,,0.5329999999999999,,,0.16699999999999998,,,0.95,1.31,0.884,,,,,,,,,,,,,,,,,,,,,,0.47200000000000003,,,,,,,,,,
10000406,0.6859999999999999,,,,,,,,,,,,,,,1.222,,,,,,,1.0,,,,,,,,,,,,,,,,,,,,,,,,,,,,,,,,,,,,,,,,,,,,,,,,,,0.664,,,,,,,,,,,,,,,,,0.956,1.4,,,,,,,,,,,,0.664,,1.0,,,,,,,,,,,,0.18100000000000002,,,,,,,,,,,,,,,,,,,,
10000407,,,0.551,,,,,,,,,,,,,,,0.5,,,,,,,,,,,,,,,,1.133,,,,,,,,,,,,,1.103,0.981,,,,,0.5,,,,,,,,,,,,,,,0.552,,,,,,,,,,,,,,,,,,,,0.35700000000000004,1.047,0.39899999999999997,,0.467,,,,,0.5329999999999999,,,,,,0.7859999999999999,0.429,1.255,,,,,,,,,,,,,,,,,,,,,,,,,,,,,,,,
10000435,,,,0.629,,,,,,,,,,,,0.5329999999999999,,,,,,,,,,,,,,,,,,,1.455,,,,,,,,,,,,,,,,,,,,,,,,,,,0.125,,1.0,,,,,,,,,,,,,,,,,,,,,,,,,,,,,0.28600000000000003,,,,,,,,,,,,,,,,,,,,,,,,,,,,,,,,,,,,,,,,,,,,
10000436,,,,,,,,,,,,,,,,,,,,0.498,0.25,,,,,,,,,,,,,,,,,,,,,,,,,,,,,,,,,,,,,,,,,,,,,,,,,,,,,,,,,,,,,,,,,,,,,,,,,,,,,,,,,,,,,,,,,,,,,,,,,,,,,,,,,,,,,,,,,,,,
10000437,,,,,,,,,,0.473,0.083,,,,,,0.941,,,,,,,,0.429,0.316,0.14300000000000002,0.73,,,,,,,,,,0.614,0.473,,,,,,,,,,,,,,,,,0.5,,,,,,,,,,,0.5,,,,,,,,,,0.542,,,,,,,,,,,,,,,,,,,,,,,,,,,,,,,,,,,,,,,,,,,,,,,,,,,,,,,,,,,,
10000439,,,,,,,,,,0.7170000000000001,0.33299999999999996,,,,,,0.833,,,,,,,,0.7929999999999999,0.579,0.667,0.86,,,,,,,,,,0.89,0.56,,,,,,,,,,,,,,,,,0.8,,,,,,,,,,0.75,0.466,,,,,,,,,,0.736,0.0,,,,,,,,,,,,,,,,,,,,1.056,,,,,,,,,,,,,,,,,,0.0,,,,,,,,,0.0,,0.889,0.5,,,,1.125,,,,,
10000440,,,,,,,,,,0.445,0.631,,,,,,0.33399999999999996,,,,,,,,1.085,0.9059999999999999,0.547,0.385,,,,,,,,,,0.909,0.5479999999999999,,,,,,,,,,,,,,,,,0.637,,,,,,,,,,,0.872,,,,,,,,,,0.665,0.958,,,,,,,,,,,,,,,,,,,,0.5720000000000001,,,,,,,,,,,,,,,,,,,,,,,,,,,0.16699999999999998,,,0.0,,,,0.33399999999999996,,,,,
10000442,,,,,,,,0.28600000000000003,,,0.98,,,1.1540000000000001,0.5,,1.278,,,,,0.618,,0.0,,,0.48100000000000004,0.897,,,,,0.618,,0.424,,,,,,,,,,,,,,,,,,,,,,0.716,0.634,,,,0.25,,1.127,,,1.183,,,0.816,,,,,,,,0.804,0.3,,0.667,,,,,,0.968,,,,,,,,,,,0.8909999999999999,1.166,,,,,,,,,,,,,,,,0.384,,,,,,,,,,,,,,,,,,,,,,
10000443,,,,,,,,,,,,,,,,,0.445,,,,,,,,,,,,,,,,,,,,,0.282,,,,,,,,,,,,,,,,,,0.833,,,,,,,,,,,,,,,,,,,,,,,,,,,,,,,,,,,,,,,,,,,,,,,,,,,,,,,,,,,,,,,,,,,,,,,,,,,,0.715,,,,,
10000445,,,,,,,,,,,,,,,,,1.1,0.495,,0.529,,,,,,,,,,,,,,,,,,,,,,,,,,,,,,,,,,,,,,,,,,,,,1.505,,0.33399999999999996,,,,,,,0.511,,,,,,,,,,,,,,,,,,0.833,,,,,,,,,,0.667,0.485,0.875,,,,,,,,,,,,,,,,,,,,,,,0.0,,,,,,,0.35,,,
10000446,,,,,,,,,,,,,,,,,,,,,,,,,0.55,0.273,0.435,,,,,,,,,,,0.43200000000000005,0.5710000000000001,,,,,,,,,,,0.9209999999999999,,,,,,,,,,,,,,,,,,,,,,,,,,,,,,,,,,,,,,,,,,,,0.5329999999999999,,,,,,,,,,,,,,,,,,,,,1.0,,,,,,,,,,,,,,,,,,,,,,
10000448,,,,1.199,,0.382,,,,,,,,,,,,,,,,,0.33399999999999996,,,,,,,,0.444,,,,,,,,,,,,,,,,,,,,,,,,,,,,,,,,,,,,,,,,,,,1.088,1.067,,,,,,,,,,,,,1.266,0.349,1.248,,,,,,,,,,0.47200000000000003,,,,,0.693,,,,,1.3259999999999998,,,,,,,,,,1.166,,,,,,1.166,,,,,,,,,,,
10000450,,,,,,,,,,0.41700000000000004,0.715,,0.879,,,,1.0,0.81,,,,,,,,,,,,,,,,,,,,0.49,,,,,0.166,,0.855,,,,,,,,,,,,0.375,,,,0.5,,0.951,,,0.583,0.865,,,,1.079,0.0,,,,,,,0.684,,,,,,0.8,,0.812,,,,,,,,,,,,,,,,,,,,,,,,,,,,,,0.733,,,,,,,,,,,,,,,,,,,,
10000453,,,,,,,,2.0,,,0.45799999999999996,,,,,,1.275,,,,,,,,,,,,,,,,,,,,,0.7390000000000001,,,,,,,1.0,,,,,,,1.0,,,,,,2.083,1.178,,0.975,,,,,,,,0.564,,,,,,,0.6609999999999999,0.7070000000000001,1.736,,,,,0.9440000000000001,0.664,,,2.381,,,,,,,,,,,0.6659999999999999,0.0,,,,,,,,,,,,,,,,,,,,,,,,,,,,,,,,,,,,,,
10000455,,,,,0.5670000000000001,,,,,0.21600000000000003,0.882,,,,,,0.988,,,,,,,,0.762,0.483,0.902,0.945,,,,,,,,,,1.09,0.846,,,,,,,,,,,,,1.077,,,,0.449,,,,,,,,,,0.958,0.818,,,,,,,,,,0.3,0.745,,,,,,,,,,,,,,,,,,,,0.222,,,,,,,,,,,,,,,,,,0.33399999999999996,,,,,,,,,,,,,,,,,,,,,
10000485,,,,,1.334,,,1.7380000000000002,,,0.39899999999999997,,,,,,,,,,,,,0.684,,,,,,,,,,,,,,,0.69,,,,,,0.865,0.45299999999999996,1.069,,,0.722,,0.7829999999999999,,,,,,0.696,0.753,,0.802,,,,,,,0.873,,,0.6459999999999999,,0.539,,,,,,1.155,0.955,,,,,,,0.8,,,,,,,,,,,0.534,0.512,,,,,,,,,,,,,,,,,,,,,,,,,,,,,,,1.286,,,,,,,
10000487,,0.833,,,0.0,,,1.8,,,0.7,,,,,,,,,,,,,1.071,,,,,,,,,,,,,,,0.7879999999999999,,,,,,1.0,,0.429,,,0.091,,0.0,,,,,,0.308,,,0.789,,,,,,,0.75,,,0.41100000000000003,,,,,,,,0.536,0.429,,,,,,,0.0,,,,,,,,,,,0.763,0.368,,,,,,,,,,,,,,,,,,,,,,,,,,,,,,,0.65,,,,,,,
10000489,,,,,,,,,,0.111,,,,,,,,,,,0.826,,,1.011,,,,,,,,,0.435,,,,0.614,,,,,0.6609999999999999,0.85,,0.7929999999999999,,,,,,,0.764,,,,,,,,1.8330000000000002,0.621,0.6659999999999999,,,,0.6970000000000001,,,,0.7120000000000001,0.5,,,,,,,1.2790000000000001,1.015,,,,,,,,0.9490000000000001,,,,,,,,,,,,,,,,,,,,,0.258,,,,,,,,,,,,,,,,,,,,,,,,,,,,,0.16699999999999998
10000491,,,,,,,,,,0.647,,,,0.39799999999999996,,,,,,,0.34299999999999997,,,,0.28600000000000003,,,,,,,,0.6659999999999999,,,,,,,,,,,,,,,,,,,,,,,,,,,0.473,,,,,,,,,0.777,,,,,,,,,,,0.7140000000000001,,,0.573,0.9,0.0,,,,,,,,,,,,,,,,,,,,,,,,,,,,,,,0.833,,,,,,,,,,,,,,,,,,,,,
10000492,,,,,,,,,,,,,,,,,0.9129999999999999,0.14300000000000002,,0.774,,,0.599,,,,,,,,,0.762,,,,,,,,,,,,,,,,,,,,,0.0,,,,,,,,,,,,0.616,,,,,,,,,0.917,,,,,,,,,,,,,,,,,,0.0,,,,,,,,,,1.025,0.625,0.5720000000000001,,,,,,,,,,,,,,,,,,,,,,,0.43200000000000005,,,,,,,0.33399999999999996,,,
10000493,0.917,,,,,,,,,,,,,,,,,0.5329999999999999,,1.143,,,0.9209999999999999,,,,,,,,1.2229999999999999,0.25,,,,,,,0.41200000000000003,,,,,,,,0.327,,,,,,0.258,,,,,,,,,,,,,,,,,,,,,,,,,,,,,,,,,,,,,,,,,,,,0.542,,,,,0.5,,0.495,,,,,,,,,,,,,,,,,0.625,,,,,,,,,,,,0.762,,,,
10000494,,,,,,,,0.0,,,,,,,,,,,,,,,,,,0.536,0.42200000000000004,,,,,,,,0.583,,,,0.606,,,,,,,,,,,,,,,,,,0.125,0.28600000000000003,0.5329999999999999,,,,,,,,,,,,0.182,,,,,,,,,,,,0.0,1.4280000000000002,0.25,,,,,,,,,,,,,,,,,,,,,,,,,,,,,,,0.715,,,,,,,,,,,,,,,,,,,,,
10000496,,,,,0.33399999999999996,,,0.5329999999999999,,,,,,,,,,,,,,,,,,,,,,,,,,,,,,,,,,,,,2.0,,,,,0.39299999999999996,,,,,,,,,,,0.8,,,,,,,,,,0.667,,,,,,,,0.8340000000000001,,,,,,,,,,,,,,,,,,,,0.498,,,,,,,,,,,,,,,,,,,,,,,,,,,,,,,,,,,,,,
10000498,,,,,,,,,,,,,,,,,0.708,,,0.231,,,0.489,,,,,,,,,,,,,,,,,,,,,,,,,,,,,,,,,,,,,,,,,,0.555,,,,,,,,,0.878,,,,,,,,,,,,,,,,,,0.6659999999999999,,,,,,,,,,0.125,0.47,,,,,,,,,,,0.821,,,,,,,,,,,,,0.5329999999999999,,,,,,,0.444,,,
10000499,,,,,1.071,,,,,,0.6829999999999999,0.5329999999999999,,,,,,,,,,,,,,,,,,,,,,,,,,,0.48100000000000004,,,,,,0.105,,1.222,,,0.33299999999999996,,0.33399999999999996,,,,,,1.041,0.741,,1.035,,,,,,,0.34700000000000003,,,1.085,,,,,,,,0.0,0.33299999999999996,,,,,,,0.762,,,,,,,,,,,0.331,0.573,,,,,,,,,,,,,,,,,,,,,,,,,,,,,,,0.573,,,,,,,
10000525,,,,,,,,0.0,,,,,,,0.8,,,,,,0.6459999999999999,,,,0.188,0.48,,,,,0.958,,,,,,,,0.6659999999999999,,,,0.364,0.7140000000000001,,,,,0.956,,,,,,,,,,,0.873,,,1.0959999999999999,,,0.222,,,0.6,0.8270000000000001,0.6,0.0,,,,,,,,,,,,,,,,,,,0.6970000000000001,,,,,,,,,,,,,,,,,,0.8440000000000001,,,,,,0.6,,0.65,,,,,,,,0.778,,,0.6,,,,,,,,,
10000529,,,,,,,,0.0,,,,,,,0.8640000000000001,,,,,,0.7809999999999999,,,,0.8190000000000001,0.385,,,,,0.429,,,,,,,,1.1,,,,0.37799999999999995,0.8590000000000001,,,,,0.889,,,,,,,,,,,1.143,,,0.584,,,0.375,,,0.303,0.612,0.4,0.633,,,,,,,,,,,,,,,,,,,0.6859999999999999,,,,,,,,,,,,,,,,,,0.9329999999999999,,,,,,0.531,,0.182,,,,,,,,0.455,,,0.8190000000000001,,,,,,,,,
10000530,,,,0.6659999999999999,,,,,,,,,,,,,,,,,,0.976,,,,,,,1.167,1.8330000000000002,0.833,,,,,,,,,0.41100000000000003,,,,,,,,,,,,,,0.9,,,,,,,,1.167,,1.7,,,,,,,,,,,,,,,,,1.1340000000000001,,,,,,,2.404,,,,,,,0.33399999999999996,0.583,,,,,,,,,,,,0.43200000000000005,,,,0.875,,,,,,,,,,,,,,,,,,,,,,,,,
10000533,,,,,,,,0.455,,0.55,,,,0.629,0.789,,,,,,0.932,,,,,0.515,,,,,,,,,,,,,,,,,,,,,,,,0.8590000000000001,,0.382,,,,,1.131,0.34600000000000003,0.42200000000000004,,1.4169999999999998,,,,,1.5,0.0,,,,0.28600000000000003,,3.083,,,,1.3980000000000001,,1.5,,,,,,,,,,,,,,,,,,,0.455,,,,,,,,,,,,,,,,,,,,,,,,,,,,,,,,,,,,,,,
10000534,,,,,,,,0.929,,,,,,,1.083,,,,,,0.762,,,,0.539,0.374,,,,,1.444,,,,,,,,1.2690000000000001,,,,0.785,0.26899999999999996,,,,,1.208,,,,,,,,,,,0.33399999999999996,,,0.41100000000000003,,,,,,0.435,1.0,1.125,1.5,,,,,,,,,,,,,,,,,,,0.42100000000000004,,,,,,,,,,,,,,,,,,0.961,,,,,,1.0170000000000001,,0.873,,,,,,,,0.879,,,1.308,,,,,,,,,
10000539,,,,,,,,,,,,,,,,,0.542,0.8109999999999999,,0.736,,,1.069,,,0.77,0.5,,,,,,,,,,,,,,,,,,,,,,,,,,0.473,,,,,,,,,,,,,,,,,,,,,0.6609999999999999,,,,,,,,0.8340000000000001,,,,,,,,,,,,,,,,,,,,,0.0,0.75,,,,,,,,,,,,,,,,,,,,,,,,,,,,,,,,,
10000540,,,,0.25,,,,,,,,,,,,,,,,,,,,,,,,,,,,,,,0.64,,,,,,,,,,,,,,,,,,,,,,,,,,,0.28600000000000003,,0.775,,,,,,,,,,,,,,,,,0.5329999999999999,,,,,,,,,,,,,,,,,,,,,,,,,1.133,,,,,,,,,,,,,,,,,,,,,,,,,,,,,,,
10000542,,,,,,,,0.5329999999999999,,,,,,,1.0290000000000001,,,,,,0.581,,,,0.807,0.6679999999999999,,,,,0.45299999999999996,,,,,,,,0.682,,,,1.225,0.875,,,,,0.813,,,,,,,,,,,0.5329999999999999,,,0.6859999999999999,,,0.536,,,1.143,0.478,0.39299999999999996,1.167,,,,,,,,,,,,,,,,,,,0.6,,,,,,,,,,,,,,,,,,0.445,,,,,,0.473,,0.647,,,,,,,,0.2,,,0.633,,,,,,,,,
10000576,,,,,,,,,,,,,,,,,,,,,,,,,,,,,,,,,,,,,,,,,,,,,,,,,,,,,,,,,,,,,,,,,,,,,,,,,,,,,,,,,,,,,,,,,,,,,,,,,,,,,,,0.8340000000000001,,,,,,,,,,,,,,,,,,,,,,,,,,,,,,,,,,
10000578,,,,,,,,,,,,,,,,,,,,,,,,,0.875,0.813,,,,,,,,,,,,,0.8190000000000001,,,,,,,,,,,,,,,,,,,,,,,,0.331,,,,,,,,,,,,,,,,,,,,,,,,,,,,,,,,,,,,,,,,,,,,,,,,,,,,,,,,,,,,,,,,,,,,,,,,,,
10000579,,,,,,,,,,,,,,,,,,0.6509999999999999,,0.415,,,,,,,,,,,,,,0.813,,,,,,,,,,,,,0.929,0.375,,,,,,,,,,,,,,,,,,,,,,,,,,,,,,,,,,,,,,,,,0.708,,,1.402,,,,,,,,,,,,,,,,,,,,,,,,,,,,,,,,,,,,,,,,,,,,,
10000584,0.266,,,0.188,,,,,,,,,,,,0.619,,0.746,,,,,0.961,,,,,,,1.319,,0.6659999999999999,,0.33399999999999996,,,,,,,,,,,,,,,,,,,,,,,,,,,,,,,,,,,,,,,0.7859999999999999,,,,,,,,,,,,,,,,,0.377,1.198,,,,,,,,,,0.311,,0.715,,,,,,,0.39299999999999996,,,,0.6659999999999999,,,,,,,,,1.5,,,,,,,,,,,,,,
10000590,,,,,,,,1.429,,,0.625,,,0.897,,,0.821,,,,,1.2919999999999998,,0.885,,,0.0,0.182,,,,,0.904,,0.863,,,,,,,,,,,,,,,,,,,,,,0.7070000000000001,0.65,,,,0.7929999999999999,,0.6509999999999999,,,1.143,,,0.607,,,,,,,,1.2,0.521,,0.986,,,,,,0.863,,,,,,,,,,,0.6659999999999999,0.0,,,,,,,,0.8290000000000001,,,,,,,,0.0,,,0.0,,,,,,,,,,,,,,,,,,,
10000593,,,,,,,,0.0,,,1.317,,,0.9390000000000001,,,0.0,,,,,0.564,,0.1,,,0.65,1.3,,,,,0.785,,0.235,,,,,,,,,,,,,,,,,,,,,,0.47200000000000003,0.626,,,,0.833,,0.1,,,0.2,,,0.375,,,,,,,,0.708,,,0.321,,,,,,1.271,,,,,,,,,,,,0.708,,,,,,,,,,,,,,,,0.856,,,0.091,,,,,,,,,,,,,,,,,,,
10000598,,,,,,,,,,0.478,,,,,,,,,,,,,,1.2830000000000001,,,,,,,,,,,,,,,,,,,0.555,,,,,,,,,0.49,,,,,,,,,,,,,,1.455,,,,0.436,,,,,,,,0.5,,,,,,,,,0.532,,,,,,,,,,,,,,,,,,,,,0.222,,,,,,,,,,,,,,,,,,,,,,,,,,,,,
10000600,,,,,,,,2.5469999999999997,,,0.912,,,0.7929999999999999,,,0.8240000000000001,,,,,0.912,,1.167,,,0.649,2.001,,,,,0.495,,0.624,,,,,,,,,,,,,,,,,,,,,,1.234,0.9,,,,0.444,,0.9,,,0.625,,,1.146,,,,,,,,1.6,0.8370000000000001,,1.112,,,,,,0.7140000000000001,,,,,,,,,,,,1.77,,,,,,,,1.7380000000000002,,,,,,,,0.667,,,0.958,,,,,,,,,,,,,,,,,,,
10000601,,,,,,,,0.7140000000000001,,,,,,0.6970000000000001,,,,,,,0.071,,,,,,,,,,,,0.667,,,,,,0.47200000000000003,,,,,,,,,,,1.0979999999999999,,,,,,,,,,0.872,0.317,,,,,,,,0.652,,,,,,,,,,1.2670000000000001,,,,1.089,,,,,,,,,,,,,,,,,,,,,,,,,,,,,,,,,,0.546,,,,,,,,,,,,,,,,,,,,
10000632,,,0.61,,,,0.522,,,,,,,,,,,,,,,,,,,,,,,0.633,1.091,,,,,,,,,,,,,,,,,,,,,,,,,,,,,,,0.65,,,,,,,,,,,,,,,,,,,,,,,,,,0.633,,0.33399999999999996,,,,,,,,,,,,,,,,,,0.5,,,,,,,,,,,,,,,,,,,,,,,,,,,,,
10000633,,,0.8290000000000001,1.444,,,,,,,,,,,,,,,,,,,,,,,,,,,,,,0.35,,,,,,,,,,,,,0.8740000000000001,,,,,,,,0.45299999999999996,,,,,,,,,,,,,,,,,,,,,,,,,,,,,,,,,,,0.873,,,,,0.76,,,,,,,,,,,,,,,,0.669,,,,,,,,0.5,,,,,,,,,,,,,,,,,,
10000635,1.206,,,0.8170000000000001,,0.75,,,,,,,,,,,,,,,,,1.702,,,,,,,0.38799999999999996,0.953,,,,,,,,,,,,,,,,,,,,,,,,,,,,,,,,,,,,,,,,,,,0.754,0.358,,,,,,,,,,,,,0.255,1.308,1.0,,1.121,,,,,,,,,,,,,0.6659999999999999,,,,,,,,,,,,,,,,,,,,,,,,,,,,,,,,
10000638,,,0.8029999999999999,,,0.938,0.6970000000000001,,,,,,,,,0.542,,,,,,0.833,,,,,,,0.606,0.7340000000000001,,,,,,,,,,,,,,,,,,1.214,,,,,,0.33399999999999996,,1.0,,,,,,,,,,,,0.308,,,,,,,,,,,,,,,,,,,,,,,,,,,0.664,0.231,,,,,,,,0.462,,2.142,,,,,1.636,,,,,,,,,,,,,,,,0.715,,,,,,,,,,
10000646,,,,0.3,,,,,,,,,,,,,,,,,,,,,,,,,,,,,,0.773,,,,,,,,,,,,,1.242,,,,,,,,,,,,,,,,,,,,,,,,,,,,,,,,,,,,,,,,,,,0.8340000000000001,,,1.2229999999999999,,0.444,,,,,,,,,,,,,,,,0.45,,,,,,,,,,,,,,,,,,,,,,,,,,
10000674,,,,0.231,,,0.7070000000000001,,,,,,,,,0.25,,,,,,,,,,,,,,,,,,,0.071,,,,,,,,,,,,,,,,,,,,,,,,,,,0.4,,,,,,,,,,,,,,,,,,,0.561,,,,,,,0.302,,0.84,,,,,,,,,,,,,,,,,,,,,,,,,,,,,,0.8290000000000001,,,,,,,,,,,,,,,,,
10000675,,,,,,,,,,,,,,,,1.091,,1.319,,,,,,,,,,,,0.33399999999999996,,,,,,,,,,,,,,,,,,,,,,,0.34700000000000003,,,0.0,,0.8340000000000001,,,,,,,,,,,,,,,,,,,,,,,,,,,,,,,,,,,,,,,,,,,1.4,,0.444,,,0.7809999999999999,,,,0.34299999999999997,,1.555,,,,,,,,,,1.1,,,,,,,,,1.571,,,,,,
10000678,1.273,,,,,,,,,,,,,,,0.6659999999999999,,,,,,,,,,,,,,,,,,,,,,,,,,,,,,,,,,,,,0.647,0.33299999999999996,,,,0.5329999999999999,,,,,,,,,,,,,,,,,,,,,,,,,,,,,,,,,,,,,,,,,,,1.3,,0.455,,,0.495,,,,0.368,,0.5,,,,,,,,,,,,,,,,,,,0.858,,,,,,
10000679,0.904,,,,,,,,,,,,,,,0.429,,,,,,,,,,,,,,,,,,,,,,,,,,,,,,,,,,,,,0.971,0.8079999999999999,,0.0,,2.0,,,,,,,,,,,,,,,,,,,,,,,,,,,,,,,,,,,,,,,,,,,,,0.633,,,0.428,,,,0.564,,0.45299999999999996,,0.629,,,,,,0.5329999999999999,,,,,,,,,,,0.875,,,,,,
10000681,,,,,0.833,,,,,,,,,,,,,,,,,,,,0.111,0.73,0.311,,,,,,,,,,0.715,,1.273,,,,1.0390000000000001,,,1.0,,,,0.28600000000000003,,0.903,,,,,,,,,,0.8420000000000001,,0.6659999999999999,,,,,,,,0.8,0.701,,,,,,,,,,,,,,,,,,,,,,1.1420000000000001,,,,0.833,,,,,,,,,0.16699999999999998,,,,,,,,,,1.6669999999999998,,,,,,,,,,,,,,,,,,,
10000682,,,,,,0.575,,,,,,,,0.546,0.5720000000000001,0.5,,,,,0.732,,,,,,,,,,,,0.48100000000000004,,,,,,0.616,,,,,,,,,,,,0.5,,,,,,,,,0.322,0.88,,,,,,,,,,,,1.0390000000000001,,,,,0.45299999999999996,0.364,,,,0.633,,,,,,,,0.479,,,,,,,,,,,,,,,0.775,,,,,,,,,,,,,,,,,,,,,,,,,,,,,,0.0,
10000684,0.6659999999999999,,,,,,,,,,,,,,,0.33399999999999996,,1.063,,,0.28600000000000003,,,,,,,,,,0.85,,,,,,,,,,,,,,,,,,,,,,0.33399999999999996,0.8190000000000001,,0.8440000000000001,,,,,,,,,,,,,,,,,,,,,,,,,,,,,,,,,,,,,,,,,,,,,,1.3330000000000002,0.522,,,1.083,,,,0.75,,1.5,,,,,,,,,,0.6659999999999999,,,,,,,,,,,,,,,
10000685,,,,,,,,,,,,,,,,,,,,,,,,,,,,,,,0.6659999999999999,,,,,,,,,,,,,,,,,,,,,,1.1420000000000001,,,,,,,,,,,,,,,,,,,,,,,,,,,,,,,,,,,,,,,,,,,,,,,,,,,,,,,,,0.8190000000000001,,,,0.16699999999999998,,,,,,,,,,,,,1.1420000000000001,,,,0.6659999999999999,,,,,,
10000689,1.159,,,,,,,,,,,,,,,,,0.9690000000000001,,,,,0.7170000000000001,,,,,,,,1.285,0.55,,,,,,,,,,,,,,,1.538,,,,,,0.541,0.47100000000000003,,,,,,,,,,,,,,,,,,,,,,,,,,1.2,,,,,,,,,,,,,,,,,1.1,,,,,1.175,,0.812,,,,,,,,,,,,,,,,,,,,,,,,,,,,,,,,,
10000690,,,,,,,,,,,,,,,,,,,,,,,,,,,,,,,,,1.0,,0.722,,1.5,,,,,,,,,,,,0.429,,,,,,,,,,,1.75,,,,1.167,,0.35,,,1.338,,,1.712,0.855,,,,0.0,,,1.067,,,1.53,0.33399999999999996,0.5,,,,,,,,,,,,,,,,,,,,,,,1.334,,,,,,,,,,,,,,,,,,,,,,,,,,,,,
10000691,,,,,,,,,,,,,,,,,0.9520000000000001,0.6659999999999999,,,,,0.9440000000000001,,,,,,,,,0.858,,,,,,,,,,,,,,,,,,,,,0.34700000000000003,,,,,,,,,,,,1.0,,1.214,,,,,,,0.7809999999999999,,,,,,,,0.6659999999999999,,,,,,,,,,0.5710000000000001,,,,,,,,,,0.5329999999999999,0.39299999999999996,0.428,,,,,,,,,,,,,,,,,,,,,,,0.25,,,,,,,1.3330000000000002,,,
10000718,,,,,,,0.858,,,0.33399999999999996,,,,,,,,,,,0.0,,,1.23,,,,,,,,,0.28600000000000003,,,,0.7440000000000001,,,,,0.8340000000000001,,,0.9,,,,,,,0.91,,,,,,,,0.0,1.11,0.9790000000000001,,,,0.899,,,,0.182,1.2690000000000001,,,,,,,0.25,,,,,,,,,1.033,,,,,,,,,,,,,,,,,,,,,,,,,,,,,,,,,,,,,,,,,,,,,,,,,,
10000719,,,,,,,,,,,,,,0.679,,,0.196,,,,,,,,,,,,,,,,0.764,,,,,,,,,,,,,,,,,,,,,,,,,,,,,,,1.3030000000000002,,,0.321,,,0.6659999999999999,,,,,,,,0.555,,,,,,,,,,,,,,,,,,,,,,,,,,,,,,,,,,,,,0.33399999999999996,,,,,,,,,,,,,,,,,,,,,,
10000723,0.5720000000000001,,,,,,,,,,,,,,,,,0.25,0.69,,,,,,,,,,,,0.311,1.4169999999999998,,0.785,,0.16699999999999998,,,,,,,,,,,,2.0,,,,,,,,,,,,,,,,,0.8909999999999999,,,,,,,,,0.69,0.6779999999999999,,,,,1.089,,0.6659999999999999,,,,,,,,1.4709999999999999,,,,,,,0.8190000000000001,,,,,,,,,,,,,0.8190000000000001,,,,,,,,,,,1.0,,,,,0.75,0.25,,,,,,0.762,,,,
10000731,,,,,0.33399999999999996,,,,,,,,,,,,,,,,,,,,0.833,1.167,0.25,0.555,,,,,,,,,0.618,0.73,0.8440000000000001,,,,,,1.653,0.6659999999999999,,,,1.084,,0.5529999999999999,,,,,,,,,,0.7559999999999999,,0.555,,,,,,,,0.7859999999999999,0.815,,,,,,,,,,,,0.858,,,,,,,,,,,,,,0.48100000000000004,,,,,,,,,0.445,,,,,,,,,,0.583,,,,,,,,,,,,,,,,,,,
10000733,,,,,,,,,,,,,,,,,1.24,1.111,,0.316,,,1.069,,,,,,,,,0.583,,,,,,,,,,,,,,,,,,,,,0.33399999999999996,,,,,,,,,,,,1.025,,1.104,,,,,,,0.606,,,,,,,,0.0,,,,,,,,,,0.82,,,,,,,,,,1.546,0.645,1.5330000000000001,0.8290000000000001,,,,,,,,,1.546,,,,,,,,,,,,,0.222,,,,,,,0.555,,,
10000734,,,,,,,,,,0.429,,,,,,,,,,,0.414,,,0.907,,,,,,,,,1.178,,,,0.413,,,,,,1.262,,1.671,,,,,,,0.833,,,,,,,,,1.222,0.46399999999999997,,,,0.9329999999999999,,,,0.20600000000000002,0.75,,,,,,,0.47600000000000003,0.47200000000000003,,,,,,,,0.894,,,,,,,,,,,,,,,,,,,,,0.75,,,,,,,,,,,,,,,,,,,,,,,,,,,,,0.0
10000735,,,,,,0.9,,,,,,,,1.111,,0.795,,,,,0.166,,,,,,,,,,,,0.127,,,,,,0.955,,,,,,,,,,,0.6,0.775,,,,,,,,,0.0,0.754,,,,,,,,0.711,,,,0.386,,,,,0.444,0.0,,,,1.071,,,,,,,,0.188,,,,,,,,,,,,,,,,,,0.5329999999999999,,,,,,,,,,,,,,,,,,,,,,,,,,,,
10000737,,,0.6659999999999999,,,,,,,,,,,,,,,0.364,,0.5,,,,,,,,,,,,,,0.22,,,,,,,,,,,,,0.59,0.14300000000000002,,,,,1.1,0.879,,,,,,,,,,,,,,0.7390000000000001,,,,,,,,,,,,,,,,,,,,0.6609999999999999,1.036,0.7070000000000001,,0.826,,,,,0.5329999999999999,,,0.542,,,0.5,,1.6669999999999998,,,,,,,,,,,,,,,,,,,,,,,,,,,,,,,,
10000768,,,,,,,,,,,,,,,,,,,,0.6970000000000001,,,0.0,,,,,,,1.7,,0.9440000000000001,,0.982,,,,,,0.613,,,,,,,,,,,,,0.0,,,,,,,,,,,,,,,,,,,,,,,,,,,,,,,,,,,,0.5,0.804,,,,,,,,,,,,,,,,0.625,,,,0.44,,,,,,,,,,,,,,,,,,,,,0.5329999999999999,,,,,,
10000769,,,,,,,,0.7,,0.8190000000000001,,,,,,,,,,,,,,0.555,,0.79,0.545,,,,,,,,0.547,,1.4040000000000001,,1.176,,,,,0.853,,,,,,,,,,,,,0.669,0.85,1.24,,,,,,,1.0,,,,,0.705,,,,,,0.439,,,,,,0.59,0.0,0.539,,,,,,,,,,,,,,,,,,,,,,,0.34700000000000003,,,,,,,,1.75,,,,,,,,3.167,0.619,,,,,,,,,,,,
10000770,,,,,,,,1.3330000000000002,,1.0,,,,,,,,,,,,,,,,0.0,0.282,,,,,,,,0.368,,0.9670000000000001,,0.376,,,,,,,,,,,,,,,,,,0.643,0.813,0.75,,,,,,,,,,,,1.0,,,,,,0.767,,,,,,1.214,0.8340000000000001,0.857,,,,,,,,,,,,,,,,,,,,,,,0.222,,,,,,,,,,,,,,,,,0.5329999999999999,,,,,,,,,,,,
10000771,,,,,,,,0.28600000000000003,,1.433,,,,,,,,,,,,,,0.777,,1.071,0.966,,,,,,,,0.9520000000000001,,0.5870000000000001,,0.735,,,,,0.875,,,,,,,,,,,,0.5720000000000001,0.46,0.237,0.6970000000000001,,,,,,,,,,,,0.73,,,,,,0.541,,,,,,0.82,0.47200000000000003,0.872,,,,,,,,,,,,,,,,,,,,,,,0.47600000000000003,,,,,,,,0.5329999999999999,,,,,,,,,1.1,,,,,,,,,,,,
10000772,,,,,,,,,,,1.255,,,,,,0.633,,,,,,,,,,,,,,,,,,,,,0.462,,,,,,,,,,,,,,0.0,,,,,,0.539,1.2,,0.6659999999999999,,,,,,,,0.613,,,,,,,1.112,0.8190000000000001,0.546,,,,,0.349,0.311,,,,,,,,,,,,,,0.222,0.33299999999999996,,,,,,,,,,,,,,,,,,,,,,,,,,,,,,,,,,,,,,
10000777,,,,,,,,,,0.718,0.45299999999999996,,,0.628,,,,,,,0.7829999999999999,,,,0.6809999999999999,,,0.222,,,,,0.588,,0.16699999999999998,,0.49,,,,0.0,,0.7859999999999999,,,,,,2.467,,,,,,,,,,,0.297,,,1.339,0.785,,,,,0.652,,,,,,,,0.14300000000000002,,,0.6,,,0.988,,0.311,,,,,,,,,,,,,,,,,,,,,,,0.2,,,,,,,,0.33299999999999996,,,,,,,,,,,,,,,,,,,,,
10000779,,,,,,,,0.9440000000000001,,,,,,,,,,,,,,,,,,0.7709999999999999,1.083,,,,,,,,0.35,,,,0.41,,,,,,,,,,,,,,,,,,1.232,0.33299999999999996,0.583,,,,,,,,,,,,,,,,,,0.39299999999999996,,,,,,0.34700000000000003,,0.5,,,,,,,,,,,,,,,,,,,,,,,,,,,,,,,,,,,,,,,,,,,,,,,,,,,,
10000780,,,,,,,,0.33299999999999996,,0.6,,,,,,,,,,,,,,,,0.857,0.45,,,,,,,,0.28600000000000003,,,,0.377,,,,,,,,,,,,,,,,,,,,0.364,,,,,,,,,,,,,,,,,,0.725,,,,,,1.617,1.167,1.166,,,,,,,,,,,,,,,,,,,,,,,1.301,,,,,,,,,,,,,,,,,1.3330000000000002,,,,,,,,,,,,
10000812,,,,,,,,,,,,,,,,,,,,,,,,,,0.33399999999999996,,,,,1.7930000000000001,,,,,,,,1.25,,,,,,,,,,1.206,,,,,,,,,,,0.28600000000000003,,,0.14300000000000002,,,0.733,,,,,,1.85,,,,,,,,,,,,,,,,,,,0.67,,,,,,,,,,,,,,,,,,,,,,,,0.33399999999999996,,,,,,,,,,1.158,,,0.33399999999999996,,,,,,,,,
10000813,,,,,,0.536,,,,,,,,,,,,,,,,,,,,,,,,0.5329999999999999,1.0,,,,,,,,,,,,,,,,,,,,,,,,,,,,,,,,,,,,,,,,,,,,0.0,,,,,,,,,,,,,0.611,0.385,0.40399999999999997,,1.3330000000000002,,,,,,,,0.888,,,,,0.7140000000000001,,,,,,,,,,,,,,,,,,,,,,,,,,,,,,,,
10000826,,,,,0.7340000000000001,,,,,1.786,,,,0.7,,,,,,,,,,,,1.429,,,,,,,,,,,,0.444,,,,,,,,,,,,,,0.857,,,,,0.368,0.0,0.25,,0.722,,,,,0.946,1.171,,,,,,1.11,,,,0.16699999999999998,,0.45799999999999996,,,,,,,,,,,,,,,,,,,0.7559999999999999,,,,,,,,,,,,,,,,,,,,,,,,,,,,,,,,,,,,,,,
10000827,,,,1.286,,0.382,,,,,,,,,,,,,,,,,,,,,,,,,0.777,,,,,,,,,,,,,,,,,,,,,,,,,,,,,,,,,,,,,,,,,,,0.9,,,,,,,,,,,,,,1.036,0.505,0.25,,,,,,,,,,0.091,,,,,,,,,,,,,,,,,,,,,,,,,,,,,,,,,,,,,
10000854,,1.694,,,,,,0.429,,,0.654,,,,,,,,,,,,,0.975,,,,,,,,,,,,,,,0.703,,,,,,0.33399999999999996,,0.539,,,0.92,,0.364,,,,,,0.45299999999999996,0.922,,0.8170000000000001,,,,,,,,,,,,0.873,,,,,,,1.357,,,,,,,,,,,,,,,,,,0.619,0.222,,,,,,,,,,,,,,,,,,,,,,,,,,,,,,,,,,,,,,
10000856,,,,,,,,,,0.6609999999999999,0.778,,,0.33399999999999996,,,,,,,0.375,,,,,,,,,,,,1.038,,,,1.3330000000000002,,,,,,,,,,,,,,,,,,,,,,,0.6659999999999999,,,,,,,,,0.444,,,,,,,,,,,,,,,,0.375,,,,,,,,,,,,,,,,,,,,,,,,,,,,,,,,,,,,,,,,,,,,,,,,,,,,
10000857,,,,,,,,,,0.78,,,,0.258,,,,,,,0.35,,,,0.2,,,1.232,,,,,2.3209999999999997,,0.4,,0.166,,,,,,,,,,,,,,,,,,,,,,,1.3330000000000002,,,1.0,0.65,,,,,0.812,,,,,,,,0.8740000000000001,,,1.178,,,0.9890000000000001,0.444,0.473,,,,,,,,,0.889,,,,,,,,,,,,,,0.2,,,,,,,,1.939,,,,,,,,,,,,,,,,,,,,,
10000859,,,,,,,,,,0.586,1.515,0.33399999999999996,,0.6990000000000001,,,,,,,0.8190000000000001,,,,0.807,,,0.0,,,,,1.055,,0.9840000000000001,,0.524,,,,,,,,,,,,0.633,0.33399999999999996,,,,,,,,,,0.9590000000000001,,,0.16699999999999998,0.42100000000000004,,0.8959999999999999,,,0.21,,,,1.431,,,,1.0090000000000001,,,0.205,,,0.799,1.069,0.667,,,,,,,,,1.375,,,,,,,,,,,,,,1.067,,,,,,,,0.321,,,,,,,,,,,,,,,,,,,,,
10000860,,,0.5479999999999999,0.953,,,,,,,,,,,,,,,,,,0.991,,,,,,,,0.364,0.461,,,,,,,,,0.462,,,,,,,,,,,,,,0.9440000000000001,,,,,,,,0.222,,0.883,,,,,,,,,,,,,,,,,1.181,,,,,,,0.838,,1.35,,,,,,0.625,,,,,,,,,,,,0.0,,,,,,,,,,,,,,,,,,,,,,,,,,,,,
10000862,0.33399999999999996,,1.482,,,,1.319,,,,,,,,,,,,,,,0.637,,,,,,,0.833,0.6659999999999999,,,,,,,,,,,,,,,,,,,,,,,,,,,,,,,,0.5,,,,,,,,,,,,,,,,,,,,,,,,,,0.6609999999999999,,,,,,,1.166,0.8440000000000001,,,,,,,,,,,,,,,0.33399999999999996,0.583,,,,,,,,,,,0.5329999999999999,,,,,,,,,,,,,,
10000867,,,,,,,,,,,,,,,,,,,,,1.166,,,,,,,,,,,,,,,,,,,,,,,,,,,,,,,,,,,,,,,,,,,,,,,,,,,,,,,,,,,0.5,,,,,,,,,,,,,,,,,,,,,,,,,,,,,,,,,,,,,,,,,,,,,,,,,,,,,,,,,
10000870,,,,,,,,,,0.88,0.858,1.6669999999999998,,0.8170000000000001,,,,,,,0.44299999999999995,,,,0.715,,,0.5479999999999999,,,,,0.644,,0.691,,0.154,,,,,,0.705,,,,,,0.546,1.136,,,,,,,,,,0.87,,,0.867,0.7929999999999999,,0.43200000000000005,,,0.7859999999999999,,,,0.5720000000000001,,,,0.8220000000000001,,,0.609,,,0.442,0.462,0.7879999999999999,,,,,,,,,1.146,,,,,,,,,,,,,,0.5,,,,,,,,0.58,,,,,,,,,,,,,,,,,,,,,
10000875,,,,,,,,1.167,,,0.45,,,,0.7,,0.586,,,,,0.16699999999999998,,0.361,,,,,,,,,0.204,,0.2,,,,,,,,,,,,,,,,,,,,,,0.297,,,,,,,0.795,,,,,,,,,,,,,,0.489,,,0.73,,,,,,,,,,,,,,,,,,1.1,,,,,,,,,,,,,,,,,,,,,,,,,,,,,,,,,,,,,,
10000900,,,,,,,,,,,,,,,,,,,,,1.111,,,,,,,,,,,,0.6659999999999999,,,,0.8390000000000001,,,,,,0.25,,,,,,,,,,,,,,,,,0.833,1.0,,,,,,,,,0.278,,,,,,,,,,,,,,,,,,,,,,,,,,,,,,,,,,,,,,,,,,,,,,,,,,,,,,,,,,,,,,,,,,,
10000908,,,,,,,,,,0.28600000000000003,,,,,,,,,,,0.92,,,0.425,,,,,,,,,0.631,,,,0.573,,,,,,0.42100000000000004,,0.955,,,,,,,0.33399999999999996,,,,,,,,0.583,0.7290000000000001,,,,,0.5329999999999999,,,,1.068,0.917,,,,,,,,0.473,,,,,,,,0.633,,,,,,,,,,,,,,,,,,,,,1.102,,,,,,,,,,,,,,,,,,,,,,,,,,,,,0.33399999999999996
10000909,,,,,,,,,,,,,,,,,,,,,,,,,,0.0,0.5329999999999999,,,,,,,,,,,,,,,,,,,,,,,,,,,,,,,,,,,,,,,,,,,,,,,0.39799999999999996,,,,,,,,1.6669999999999998,,,,,,,,,,,,,,,,,,,,,0.6659999999999999,,,,,,,,,,,1.4040000000000001,,,,,,,,,,,,,,,,,,,,,,,
10000911,1.6469999999999998,,,,,0.28600000000000003,,,0.892,,,,,,,,,,,,,,,,0.971,,,0.6709999999999999,,,,,,,,,,,,,,,,,,,,,,,,,,,,0.431,,,,,,,,,,,,,,,,,,,0.535,,,,,,,0.5,,,,,,,,,,,,,,,0.5,,,0.833,0.384,,,,,,,,,,,,,,,,,,,,0.41700000000000004,,0.733,,,1.285,,,,,,,,,,,
10000916,,0.0,,,,,,,,,,,,,0.542,,,,,,0.5,,,,,,,,,,,,,,,,0.395,0.083,,,1.0,,,,,,,,,,,,,,,,0.614,,,,,,0.25,,,,,,0.563,,,,,,,,,,,0.833,,,,,,,,,,,,,,,,,,,,,,,,,,,,,,,,,,,0.5329999999999999,,,,,,,,,,,,,,,,,,,,,,
10000918,,0.5,,,,,,0.858,,,0.72,,,,,,,,,,,,,0.16699999999999998,,,,,,,,,,,,,,,1.033,,,,,,0.39299999999999996,,0.43700000000000006,,,0.633,,1.446,,,1.3,,,0.539,0.39299999999999996,,0.733,,,,,,,1.0,,,0.222,,,,,,,,0.39299999999999996,0.408,,,,,,,0.642,,,,,,,,,,,0.853,1.0,,,,,,,,,,,,,,,,,,,,,,,,,,,,,,,,,,,,,,
10000953,,,,,,0.688,,,,,,,,,,,,,1.099,,,,,,,,,,,,,,,0.297,,1.162,,,,,,,,,,,0.42100000000000004,1.0,,,,,0.6,,,0.7859999999999999,,,,,,,,,,,,,,,,,,,,,,,,,,,,,,,,0.139,0.509,,,,,,,,,,,,,,,,0.875,,,,,,,,,,,,,,1.286,,,,,,,,,,,,,,,,,,
10000954,0.444,,0.875,,,,0.789,,,,,,,,,,,,,,,,,,,,,,0.6659999999999999,0.354,0.25,,,,,,,,,,,,,,,,,,,,,,,0.5,,,,,,,,0.7170000000000001,,1.8330000000000002,,,,,,,,,,,,,,,,,,,,,,,,0.748,,0.42100000000000004,,,,,0.444,0.713,,,,,,,,,,,,,,,,1.275,0.858,,,,,,,,,,0.0,,,,,,,,,,,,,,
10000955,,,,,,0.603,,,,,,,,,,,,,0.528,,,,0.33399999999999996,,,,,,,,,,,0.536,,0.823,,,,,,,,,,,0.8190000000000001,0.258,,,,,0.467,,,0.826,,,,,,,,,,,,,,,,,,,,,,,,,,,,,,,,0.6890000000000001,0.6920000000000001,,,,,,,,0.833,,,,,,,,0.7340000000000001,,,,,,,,,,,,,,1.181,,0.33399999999999996,,,,,,,,,,,,,,,,
10000959,,,0.5329999999999999,0.444,,,,,,,,,,,,,,,,,,,,,,,,,,,,,,0.61,,,,,,,,,,,,,0.695,,,,,,,,1.6669999999999998,,,,,,,,,,,,,,,,,,,,,,,,,,,,,,,,,,,0.33799999999999997,,,2.083,,,,,,,,,,,,,,,,,,0.273,,,,,,,,,,,,,,,,,,,,,,,,,,
10000990,0.9690000000000001,,,0.0,,,,,,,,,,,,0.657,,0.69,,,,,0.715,,,,,,,0.0,,0.6609999999999999,,0.35700000000000004,,,,,,,,,,,,,,,,,,,,,,,,,,,,,,,,,,,,,,,1.046,,,,,,,,,1.0,,,,,,,,1.133,1.9040000000000001,,,,,,,,,,0.985,,0.49,,0.708,,,,,0.25,,,,,,,,,,0.7859999999999999,,,,,,,,,,,,,,,,,
10000994,,0.599,,,,,,,,,,,,,,,,,,,,,,,0.0,,0.33399999999999996,,,,,,,,0.46399999999999997,,0.47600000000000003,,,,,,,,,,,,0.934,0.9,,,,,,,,,,,,,,,,,,,1.517,,,,,,,,1.181,,,0.977,,,0.574,0.69,,,,,,,0.856,,,,,,,,,,,,,,,,,,,,,,,,,,,,,,,,,,,,,,,,,,,,,,
10000996,,,,,,0.5,,,,,,,,,,,,,1.3,,,,,,,,,,,,,,,0.6,,,,,,,,,,,,,,,,,,,,,,,,,,,,,,,,,,,,,,,,,,,,,,,,,,,,,,,,,,,,,,,,,,,,,,,1.167,,,,,,,,,,,,,,,,,,,,,,,,,,,,,,,,
10000997,,,,,,,,,,,,,,,,,,,,,,,,,,,,,,,,,,,,,,,,,,,,,,,,,,,,,,,,,,,,,,,,,,,,0.45299999999999996,,,,,,,,,,,,,,,,,,,,,,,,,,,,,,,,,,,,,,,,,,,,0.28600000000000003,,,,,,,,,,,,,,,,,,,,,,,,,
10001000,0.9470000000000001,,,0.0,,,,,,,,,,,,0.41700000000000004,,0.888,,,,,0.467,,,,,,,0.77,,1.4669999999999999,,0.5,,,,,,,,,,,,,,,,,,,,,,,,,,,,,,,,,,,,,,,1.0390000000000001,,,,,,,,,,,,,,,,0.6659999999999999,0.473,0.28600000000000003,,,,,,,,,,0.517,,0.511,,,,,,,0.625,,,,1.067,,,,,,,,,0.6659999999999999,,,0.6659999999999999,,,,,,,,0.5,,,
10001002,,,,,,,,,,,,,,,,1.2,,0.877,,,,,,,,,,,,,,,,,,,,,,,,,,,,,,,,,,,,,,,,,,,,,,,,,,,,,,,,,,,,,,,,,,,,,,,0.762,0.16699999999999998,,,,,,,,,,,,,1.5,,,,,,,,,,,,,,,,,,,,,,,,,,,,,,,,,,
10001005,,,,,,,,,,,,,,0.25,,,,,,,,,,,0.45299999999999996,,,0.75,,,,,,,0.768,,0.34700000000000003,,,,,,,,,,,,1.091,,,,,,,,,,,,,,,,,0.614,,,0.7170000000000001,,,1.055,1.1640000000000001,,,,,,,,,,1.012,1.1,0.5329999999999999,,,,,,,,,,,,,,,,,,,,,,,,,,,,,,,,,,,,,,,,,,,,,,,,,,,,
10001009,1.36,,,0.375,,,,,,,,,,,,0.562,,0.6659999999999999,,,,,0.9159999999999999,,,,,,,1.3940000000000001,0.9670000000000001,1.5,,0.588,,,,,,,,,,,,,,,,,,,,,,,,,,,,,,,,,,,,,,,0.85,,,,,,,,,,,,,,,,0.644,1.032,0.266,,,,,,,,,,1.42,,0.408,,1.056,,,,0.5329999999999999,,,,,0.777,,,0.9,,,1.3,,,,,,0.762,,,1.2229999999999999,,,,,0.39299999999999996,,,
10001010,,,0.42100000000000004,,,,0.564,,,,,,,,,,,,,,,,,,,,,,,,,,,0.542,,0.99,,,,,,,,,,,0.89,1.2919999999999998,,,,,,,,,,,,,,,,,,,,0.742,,0.35,,,,,,,,,,,,,,,,,,0.929,0.9640000000000001,,,1.6669999999999998,,,,,,,,,,,,,,,,,,0.75,1.285,1.091,,,,,,,,,,,,,,,,,,,,,,,,,
10001011,0.769,,,1.077,,,,,,,,,,,,0.672,,0.384,,,,,1.301,,,,,,,0.39299999999999996,0.5329999999999999,0.444,,0.35700000000000004,,,,,,,,,,,,,,,,,,,,,,,,,,,,,,,,,,,,,,,0.8170000000000001,,,,,,,,,,,,,,,,0.6609999999999999,1.238,0.705,,,,,,,,,,0.297,,1.143,,1.111,,,,,0.444,,,,0.33399999999999996,,,1.0,,,,,,,,,0.0,,,,,,,,,,,
10001038,,,,,,,,0.14300000000000002,,1.111,0.75,,0.7859999999999999,,,,0.733,,,,,,,1.224,,,,,,,,1.262,,,,,,,,,,,,,0.777,,,,,,,,,,,,,,0.16699999999999998,,0.39299999999999996,,0.125,,,1.1,0.833,,,0.622,1.58,,,,,,,,,0.39799999999999996,,,,,0.5,,0.718,,,,1.4380000000000002,,,,,,,,,,,,,,,,,,,,,,,,,,0.555,,,,,,,,,,,,,,,,,,,,
10001043,0.718,,,,,,,,,,,,,,,,,1.085,,1.167,,,,,,,,,,,0.8270000000000001,,,,,,,,,,,,,,,,0.27,,,,,,0.7140000000000001,0.222,,,,,,,,,,,,,,,,,,,,,,,,,,,,,,,,,,,,,,,,,,,,,,,,0.5329999999999999,,0.0,,,,,,,,,,,,,,,,,1.867,,,,,,,,,,,,0.5720000000000001,,,,
10001047,,,,,1.084,,,,,,,,,,,,,,,,,,,,,,,,,,,,,,,,,0.5329999999999999,,,,,,,,,,,,0.33399999999999996,,0.8340000000000001,,,,,,,,,1.167,,,,,,1.5,,,,0.6659999999999999,,0.95,,,,0.39299999999999996,,,,,,,,,,,,,,,,,,,,,,,,,,,,,,,,,,,,,,,,,,,,,,,,,,,,,,,,,,,,
10001049,,,,,,,,,,,,,,,,,,,,,0.34700000000000003,,,,,,,,,,,,,,,,,,,,,,0.5329999999999999,0.311,,,,,,,,,,,,,,,,,,,0.111,,,,,,0.111,,,,,,,,,,,,,,,,,,,,,,0.9,,,,,,,,,,,,,,,,,,0.0,,,,,,,,,,,,,,,,,,,,,,,,,,,,
10001050,,,0.848,0.924,,,,,,,,,,,,,,,,,,,,,,,,,,,,,,0.423,,,,,,,,,,,,,0.5379999999999999,,,,,,,,,,,,,,,,,,,,,,,,,,,,,,,,,,0.45299999999999996,,,,,,,,,0.8640000000000001,,,,,0.733,,,,,,,,,,,,,,,,0.852,,,,,,,,,,,,,,,,,,,,,,,,,,
10001052,1.125,,,,,,,,,,,,,,,0.546,,,,0.833,0.376,,,,,,,,,,0.522,,,,,,,,,,,,,,,,,,,,,,0.16699999999999998,0.39299999999999996,,,,0.282,,,,,,,,,,,,,,,,,,,,,,,,,,,,,,,,,,,,,,,,0.722,,,,,1.214,,,,,,,0.33399999999999996,,,,,,,,,,,,,,,,,,,,,,,,,,,
10001080,,,,,,,,,,,,,,,,,0.833,,,,,,,,,,,,,,,,,,,,,,,,,,,,,,,,,,,,,,,,,,,,,,,,,,,,,,,,,,,,,,,,,,,,,,,,,,,,,,,,,,,,,,,,,,,,,,,,,,,,,,,,,,,,,,,,,,,,,,,,
10001082,,,,,,,,,,,,,,0.325,,,,,,,,,,,,,,,,,,,,,,,,,,,,,,,,,,,,0.0,,,,,,,,,,0.9670000000000001,1.0,,,,,,,,,,,,,,,,,,,,,,,,,,,,,,,,,,,,,,,,,,,,,,,,,,,,,,,,,,,,,,,,,,,,,,,,,,,,
10001083,,,,,0.28600000000000003,,,,,,,,,,,,,,,,,,,,1.205,0.33399999999999996,0.466,0.0,,,,,,,,,0.5720000000000001,0.708,1.19,,,,1.5830000000000002,,0.467,,,,,0.517,,0.311,,,,,,,,,,,,0.8,,,,,,,,,,,,,,,,,,,,,,,,,,,,,,,,,,,0.92,,,,,,,,,0.573,,,,,,,,,,,,,,,,,,,,,,,,,,,,,
10001085,,,,,0.22,,,,,,,,,,,,,,,,,,,,0.867,1.093,0.685,1.435,,,,,,,,,0.506,0.83,1.2,,,,0.762,,1.048,0.619,,,,0.581,,1.1320000000000001,,,,,,,,,,0.486,,0.742,,,,,,,,,,,,,,,,,,,,,,,,,,,,,,,,,,,0.43200000000000005,,,,,,,,,0.9490000000000001,,,,,,,,,,1.296,,,,,,,,,,,,,,,,,,,
10001087,,,,,,,0.899,,,,,,,,,,,,,,,,,,,,,,,,,,,,0.708,,,,,,,,,,,,,,,,,,,,,,,,,,,,,,,,,,,,,,,,,,,,,,0.606,,,,,,,,,,,,0.8290000000000001,,,1.2,,,,,,,,,,,,,,,,1.5,0.28600000000000003,,,,,,,1.125,,,,,,,,,,,,,,,,,
10001088,,,,,,,,1.091,,,,,,1.052,0.125,,,,,,,,,,,,,,,,,,0.42700000000000005,,,,,,1.3,,,,,,,,,,,1.083,0.517,,,,,,,,,1.3519999999999999,,,,,,,,,0.5,,,,1.133,,,,,1.011,,,,,0.40299999999999997,0.5820000000000001,,,,,,,0.166,,,,,,,0.33399999999999996,,,,,,,,,,,,,,,,,,,0.45,,,,,,,,,,,,,,,,,,,1.286,
10001089,,,,,,,,1.175,,0.423,,,,,,,,,,,,,,,,0.637,0.444,,,,,,,,0.7390000000000001,,1.121,,0.87,,,,,1.8330000000000002,,,,,,,,,,,,0.5,0.5720000000000001,0.564,0.47700000000000004,,,,,,,0.7490000000000001,,,,,,,,,,,0.778,,,,,,1.348,0.258,0.606,,,,,,,,,,,,,,,,,,,,,,,0.49,,,,,,,,,,,,,,,,,0.16699999999999998,,,2.833,,,,,,,,,
10001090,,,,,0.25,,,,,,,,,,,,,,,,,,,,1.179,0.6729999999999999,0.568,1.0,,,,,,,,,0.6609999999999999,0.807,1.28,,,,0.59,,0.983,0.728,,,,0.705,,0.327,,,,,,,,,,0.28600000000000003,,0.21,,,,,,,,,,,,,,,,,,,,,0.9,,,,,,,,,,,,,,0.465,,,,,,,,,0.9490000000000001,,,,,,,,,,1.067,,,,,,,,,,,,,,,,,,,
10001091,,,0.563,,,,,,,,,,,,,,,,,,,,,,,,,,,,,,,1.5,,,,,,,,,,,,,0.778,,,,,,,,,,,,,,,,,,,,,,,,,,,,,,,,,,0.7859999999999999,,,,,,,,,0.126,,,1.064,,0.826,,,,,,,,,,,,,,,,1.021,,,,,,,,,,,,,,,,,,,,,,,,,,
10001094,,,,,,,,,,,,,,,,,,,,,,,,,1.643,1.03,0.7929999999999999,0.8079999999999999,,,,,,,,,1.166,0.9079999999999999,0.778,,,,0.611,,0.612,0.721,,,,0.767,,0.778,,,,,,,,,,,,0.5720000000000001,,,,,,,,0.7140000000000001,1.7,,,,,,,,,,,,0.888,,,,,,,,,,,,,,1.431,,,,,,,,,0.47,,,,,,,,,,2.225,,,,,,,,,,,,,,,,,,,
10001095,,,0.583,,,,0.5,,,,,,,,,,,,,,,,,,,,,,,,,,,,,,,,,,0.6659999999999999,,0.134,,,,0.462,0.28600000000000003,,,,,,,,,,,,,,,,,,,,0.971,,0.669,,,,,,,,,,,,,,,,,,0.42100000000000004,,,,1.4169999999999998,,,,,,,,,,,,,,,,,,,0.5329999999999999,,,,,,,,,,,,,,,,,,,,,,,,,,
10001123,,,0.685,,,,0.7929999999999999,,,,,,,,,,,,,,,,,,,,,,,,,,,0.667,,1.555,,,,,,,,,,,0.579,0.688,,,,,,,,,,,,,,,,,,,,0.823,,0.733,,,,,,,,,,,,,,,,,,0.816,0.9259999999999999,,,1.057,,,,,,,,,,,,,,,0.833,,,1.8330000000000002,1.2670000000000001,0.6859999999999999,,,,,,,,,,0.733,,,,,,,,,,,,,,,
10001129,,,0.63,,,,0.5660000000000001,,,,,,,,,,,,,,,,,,,,,,,,,,,0.976,,1.4669999999999999,,,,,,,,,,,0.777,0.9390000000000001,,,,,,,,,,,,,,,,,,,,1.043,,0.958,,,,,,,,,,,,,,,,,,0.61,1.485,,,0.7709999999999999,,,,,,,,,,,,,,,,,,,0.45299999999999996,0.977,,,,,,,,,,1.6669999999999998,,,,,,,,,,,,,,,
10001130,,,0.857,,,,1.338,,,,,,,,,,,,,,,,,,,,,,,,,,,0.929,,1.7630000000000001,,,,,,,,,,,0.664,1.187,,,,,,,,,,,,,,,,,,,,0.518,,0.268,,,,,,,,,,,,,,,,,,0.647,0.5529999999999999,,,1.004,,,,,,,,,,,,,,,0.45299999999999996,,,,1.167,0.297,,,,,,,,,,1.806,,,,,,,,,,,,,,,
10001132,,,,,,,,,,,,,,0.626,,1.084,,,,,,,,,,,,,,,,,0.433,,,,,,0.25,,,,,,,,,,,,,,,,,,,,,0.541,0.6659999999999999,,,,,,,,1.255,,,,0.762,,,,,,,,,,0.833,0.33299999999999996,,,,,,,,,,,,,,,,,,,,,,,,,,,,,,,,,,,,,,,,,,,,,,,,,,,,1.633,
10001133,0.633,,,,,,,,,,,,0.555,,,,,0.773,,,,,,,,,,,,,1.3330000000000002,0.33299999999999996,,,,,,,,,,,,,,,,,,,,,,,,,,,,,,,,,0.94,,,,,,,,,0.9329999999999999,0.526,,,,,1.1,,,,,,,,0.75,,0.523,,,,,,,0.523,,,0.5329999999999999,1.083,,,,,,,,,1.111,,,,,,,,,,,,,,,,0.7140000000000001,0.444,,,,,,0.958,,,,
10001139,,,0.5,,,,,,,,,,,,,,,,,,,,,,,,,,,,,,,1.004,,0.5,,,,,,,,,,,0.784,0.539,,,,,,,,,,,,,,,,,,,,0.564,,0.33399999999999996,,,,,,,,,,,,,,,,,,0.7859999999999999,0.5529999999999999,,,0.688,,,,,,,,,,,,,,,,,,,,2.0,,,,,,,,,,,,,,,,,,,,,,,,,
10001168,,,,,,,,,,,,,,,,0.99,,,,,,1.733,1.733,,,,,,,0.5329999999999999,,,,,,1.0,,,,,,,,,,,,1.175,,,,,,,,1.5,,,,,,,,,0.6659999999999999,,,1.285,,,,,,,,,,,,,,,,,,,,,,,,,,,,0.5,0.667,,,,,,,,,0.5329999999999999,,,,,1.5,,,,,,,,,,,,,,,,2.0,,,,0.929,,,,,,
10001170,0.594,,,,,,,,,,,,,,,,,0.369,,0.42200000000000004,,,1.102,,,,,,,,0.9670000000000001,1.386,,,,,,,1.334,,,,,,,,1.028,,,,,,0.5,0.873,,,,,,,,,,,,,,,,,,,,,,,,,,1.089,,,,,,,,,,,,,,,,,1.4580000000000002,,,,1.25,1.207,,,,,,,,,,,,,,,,,,,,,,,,,,,0.733,,,,0.775,0.667,,,
10001173,0.956,,,,,,,,,,,,,,,,,,,,,,,,,,,,,,0.9,,,,,,,,,,,,,,,,,,,,,,,,,,,,,,,,,,,,,,,,,,,,,,,,,,,,,,,,,,,,,,,,,,1.5,,,,,1.666,,,,,,,,,,,,,,,,,,,,,,,,,,,,,,,,,,,
10001179,0.667,,,,,,,,,,,,,,,,,0.38799999999999996,,0.542,,,1.064,,,,,,,,1.071,,,,,,,,1.166,,,,,,,,0.722,,,,,,0.25,,,,,,,,,,,,,,,,,,,,,,,,,,,0.821,,,,,,,,,,,,,,,,,,,,,0.9670000000000001,,,,,,,,,,,,,,,,,,,,,,,,,,,,,,,,0.522,,,,
10001182,0.589,,,,,0.16699999999999998,,,0.6659999999999999,,,,,,,,,,,,,,,,0.0,,,,,,,,,,,,,,,,,,,,,,,,,,,,,,,0.308,,,,,,,,,,,,,,,,,,,0.429,,,,,,,,,,,,,,,,,,,,,0.9329999999999999,0.425,,,0.6659999999999999,0.111,,,,1.7,,,,,,,,,,,,,,,,0.9440000000000001,,,,,1.2919999999999998,,,,,,,,,,,
10001184,,,,,,,,,,,,,,,,,,,,,,,,,,,,,,,0.875,,,,,,,,0.473,,,,,,,,,,0.5,,,,,,,,,,,0.762,,,0.742,,,,,,0.838,,1.1,,,,,,,,,,,,,,,,,,,,0.831,,,,,,,,,,,,,,,,,,0.33399999999999996,,,,,,,,,,,,,,,,0.6659999999999999,,,,,,,,,,,,
10001185,1.462,,,,,,,,,,,,,,,,,1.088,,0.778,,,0.8190000000000001,,,,,,,,0.733,,,,,,,,,,,,,,,,0.6659999999999999,,,,,,0.9,2.289,,,,,,,,,,,,,,,,,,,,,,,,,,,,,,,,,,,,,,,,,,,1.205,,,,0.804,1.324,,2.233,,,,,,,,,,,,,,,,,0.429,,,,,,,,1.167,,,,0.16699999999999998,,,,
10001212,,,,,,,,,,,0.0,,,,,,,,,,,,,0.125,,,0.0,,,,,,,,0.0,,,,,,,,,,,,,,,,,,,,,,0.33399999999999996,,,,,,,,,,,,,0.41700000000000004,,,,,,,,,2.381,,,,,,,,,,,,,,,,,,,,,,,,,,,,,,,,,,,,,,,,,,,,,,,,,,,,,,,,,,
10001216,0.365,,,1.079,,0.769,,,,,,,,,,,,,,,,,0.8440000000000001,,,,,,,,0.75,,,,,,,,,,,,,,,,,,,,,,,,,,,,,,,,,,,,,,,,,,,0.583,0.619,,,,,,,,,,,,,0.511,1.092,0.7859999999999999,,1.3130000000000002,,,,,,,,0.8290000000000001,,,,,0.25,,,,,0.75,,,,,,,,,,1.166,,,,,,0.5329999999999999,,,,,,,,,,,
10001222,,,,,,,0.222,,,,,,,,,,,,,,,,,,,,,,,,,,,0.524,,0.33399999999999996,,,,,,,0.48100000000000004,,,,0.48,0.9840000000000001,,,,,,,,,,,,,,,,,,,,0.462,,0.636,,,,,,,,,,,,,,,,,,0.879,,,,0.8079999999999999,,,,,,,,,,,,,,,,,,,,0.8340000000000001,,,,,,,,,,,,,,,,,,,,,,,,,
10001223,,,,,,,,,,1.194,0.428,,0.833,,,,,0.912,,,,,,,,,,,,,,,,,,,,1.5830000000000002,,,,,,,2.285,,,,,,,,,,,,0.249,,1.525,,0.542,,0.16699999999999998,,,,,,,1.1,,0.804,,,,,,,0.6,,,,,,0.28600000000000003,,,,,,0.5720000000000001,,,,,,,,,,,,,,,,,,0.48100000000000004,,,,,,,,0.625,,,,,,,,,,,,,,,,,,,,
10001227,,,,,,,1.666,,,,,,,,,,,,,,,,,,,,,,,,,,,,0.43200000000000005,,,,,,,,,,,,,,,,,,,,,,,,,,,,,0.715,,,,,,,,,,,,,,,,,,,,,,,,,,,,,,,,,,,,,,,,,,,,,,,,,,,,,,,,,,,,,,,,,,,,,,,,,
10001261,,,,,,,,,,,,,,0.0,,,,,,,0.0,,,,,,,,,,,,0.795,,1.722,,0.484,,,,,,0.389,,1.071,,,,,,,,,,,,,,,,,1.133,,,,,,,1.25,0.41100000000000003,0.904,,,,,,,,,,,,0.25,,,,,,,,,,,,,,,,0.762,,,,,,,,,,,,,,,,,,,0.733,,,,,,,,,,,,,,,,,,,
10001267,,0.6659999999999999,,,,,,,,,,,,1.0,1.0,,,,,,1.213,,,,0.733,,,,,,,,0.7859999999999999,,0.536,,0.565,,,,,,0.9670000000000001,,0.65,,,,1.5,,,,,,,,,,,,,,,,,,,,1.3330000000000002,0.273,0.732,,,,,,,,,,,,0.65,,1.111,,,,,,,,,,,,,,0.517,,,,,,,,,0.619,,,,,,,1.0,,,,,,,,,,,,,,,,,,,,,,
10001271,,,,,,,,,,,,,,0.33399999999999996,,,,,,,,,,,1.0,,0.9,,,,,,1.4040000000000001,,,,0.6,,,,,,0.971,,1.0,,,,,,,,,,,,,,,,,,,,,,,,,0.9620000000000001,,,,,,,,,,,,,,,1.1,,,,,,,,,,,,,,0.583,,,,,,,,,,,,,,,,,,,0.0,,,,,,,,,,,,,,,,,,,
10001274,,,,,,,,,,,,,,,,,,,,,0.889,,,,,,,,,,,,0.75,,,,0.757,,,,,,,,0.625,,,,0.0,,,,,,,,,,,,,,,,,,,,0.75,,0.33399999999999996,,,,,,,,,,,,1.262,,,,,,,,,,,,,,,,0.905,,,,,,,,,,,,,,,,,,,,,,,,,,,,,,,0.45299999999999996,,,,,,,
10001279,,0.991,,,,,,,,,,,,0.736,0.33399999999999996,,,,,,0.27699999999999997,,,,0.581,,0.222,,,,,,0.856,,0.552,,0.635,,,,,,0.643,,1.117,,,,0.762,,,,,,,,,,,,,,0.485,0.585,,,,,0.0,0.636,1.206,0.7859999999999999,,,,,,,,,,,0.836,,0.653,,,,,,,,,,,,,,1.158,,,,,,,,,1.136,,,,,,,0.733,,,0.833,,,,,,,,,,,,,,,,,,,
10001280,,,,,,,,,,0.47600000000000003,0.7340000000000001,,,,,,0.649,,,,,,,,1.557,1.5,0.833,0.33399999999999996,,,,,,,,,,0.946,0.542,,,,,,,,,,,,,0.382,,,,1.1,,,,,,,,,1.166,0.664,,,,,,,,,,,1.4,0.75,,,,,,,,,,,,,,,,,,,,,,,,,,,,,,,,,,,,,,,,,,,,,,,,,,,,,,0.75,,,,,
10001281,,,,,,,,,,,,,,,,,,,,,0.45299999999999996,,,,,,,,,,,,0.833,,,,0.929,,,,,,,,,,,,,,,,,,,,,,,,0.091,,,,,,,,,0.237,1.1,,,,,,,,,,,,,,,,0.45299999999999996,,,,,,,,,,,,,,,,,,,,,,,,,,,,,,,,,,,,,,,,,,,,,,,,,,
10001282,,,,,,,,0.544,,,0.929,,,,,,1.546,,,,,,,,,,,,,,,,,,,,,,,,,,,,1.071,,,,,,,1.0,,,,,,0.7440000000000001,1.0859999999999999,,,,,,,0.733,,,,,,,,,,1.3459999999999999,0.7490000000000001,0.875,,,,,0.466,0.633,,,0.57,,,,,,,,,,,0.857,,,,,,,,,,,,,,,,,,0.0,,,,,,,,,,,,,,0.75,,,,,,,
10001309,,,,,0.546,,,0.0,,0.623,,,,0.494,1.045,,,,,,0.125,,,,,0.8340000000000001,,,,,,,,,,,,1.0979999999999999,,,,1.102,,,,,,,,0.75,,0.889,,,,,0.768,0.43799999999999994,0.804,,0.594,,,,,0.444,0.33299999999999996,,,,,,1.262,,,,0.53,,1.6,,,,,,,,,,,,,,,,,,,0.35,,,,,,,,,,,,,,,,,,,,,,,,,,,,,,,,,,,,,,,
10001313,,,,,0.14300000000000002,,,0.4,,0.7809999999999999,,,,0.753,0.349,,,,,,0.98,,,,,1.722,,,,,,,,,,,,1.112,,,,1.555,,,,,,,,1.8419999999999999,,0.7140000000000001,,,,,0.8059999999999999,0.496,0.879,,0.9690000000000001,,,,,1.083,,,,,1.133,,,,,,0.589,,1.318,,,,,,,,,,,,,,,,,,,0.8290000000000001,,,,,,,,,,,,,,,,,,,,,,,,,,,,,,,,,,,,,,,
10001314,,,,,,,,1.071,,0.35200000000000004,0.8220000000000001,,1.734,,,,0.9840000000000001,0.852,,,,,,0.9329999999999999,,,,,,,,,,,,,,0.6459999999999999,,,,,1.2690000000000001,,1.0,,,,,,,,,,,,0.667,,0.562,,0.835,,1.253,,,0.777,0.6659999999999999,,,0.7959999999999999,0.28600000000000003,0.55,,,,,,,1.314,0.604,,,,,0.875,,0.55,,,,0.7170000000000001,,,0.0,,,,,,,,,,,,,,,0.441,,,,,,,,0.625,,,,,,,,,,,,,,,,,,,,
10001315,,,,,,,,,,,,,,,,,,,,,0.28600000000000003,,,,0.8540000000000001,0.0,,,,,,,,,,,,,,,,,,,,,,,,,,,,,,,,,,,,,,,,,,,,,,,,,,,,,,,,,,,,,,,,,0.0,,,,,,,,,,,,,,,,,,,,,,,,,,,,,,,,,,,,,,,,,,,,,,
10001319,0.583,,,0.9279999999999999,,0.603,,,,,,,,,,,,,,,,,0.55,,,,,,,,0.5,,,,,,,,,,,,,,,,,,,,,,,,,,,,,,,,,,,,,,,,,,,0.9229999999999999,0.0,,,,,,,,,,,,,1.19,0.607,0.581,,0.722,,,,,,,,0.222,,,,,0.816,,,,,,,,,0.9,,,,,,,,,,,,,,,,,,,,,,,
10001320,,,,,1.071,,,0.9440000000000001,,0.775,,,,0.9790000000000001,0.6609999999999999,,,,,,0.815,,,,,0.34700000000000003,,,,,,,,,,,,0.091,,,,,,,,,,,,0.6409999999999999,,0.8909999999999999,,,,,0.93,0.327,0.466,,1.334,,,,,0.625,,,,,,,,,,,0.628,,0.536,,,,,,,,,,,,,,,,,,,1.3130000000000002,,,,,,,,,,,,,,,,,,,,,,,,,,,,,,,,,,,,,,,
10001322,,1.625,,,,,,,,,,,,,0.639,,,,,,0.36,,,,,0.273,,,,,,,,,0.594,,1.1340000000000001,0.856,,,0.629,,,,,,,,1.207,0.5329999999999999,,,,,,,0.547,0.36700000000000005,,,,,0.664,0.222,,,,,0.462,,,,,,,,0.349,,,1.317,,,,,,,,,,,,,,,,,,,,,,,,,,,,,,,,,,,,,,,,,,,,,,,,,,,,,,,,,
10001323,,,,,,,,,,,,,,,,,,,,,,,,,,,,,,,,,,,,,,,,,,,,,,,,,,,,,,,,,,,,,,,,,,,,,,,,,,,,,,,,,,,,,,,,,,,,,,,,,,,,,,,,,,,,,,,,,,,,0.633,,,,,,,,,,,,,,,,,,,,,
10001325,,,,,,,,0.48100000000000004,,0.9309999999999999,,,,0.652,0.667,,,,,,0.532,,,,,0.564,,,,,,,,,,,,1.091,,,,,,,,,,,,1.318,,1.462,,,,,0.414,0.7390000000000001,0.633,,0.455,,,,,1.0,0.715,,,,0.7440000000000001,,,,,,0.5429999999999999,,0.222,,,,,,,,,,,,,,,,,,,0.9440000000000001,,,,,,,,,,,,,,,,,,,,,,,,,,,,,,,,,,,,,,,
10001354,,,,,,,,0.9,,,,,,,,,,,,,,,,,,,,,,,,,,,,,,0.0,,,,,,,,,,,,,,,,,,,,0.5,0.583,,,,,,,,,,0.25,,,,,,,0.643,0.16699999999999998,0.804,,,,,0.5,,,,,,,,,,,,,,,0.4,,,,,,,,,,,,,,,,,,1.1,,,,,,,,,,,,,,,,,,,,,
10001355,,,,0.22,,1.016,,,,,,,,,,,,,,,,,,,,,,,,,0.28600000000000003,,,,,,,,,,,,,,,,,,,,,,,,,,,,,,,,,,,,,,,,,,,,0.0,,,,,,,,,,,,,,,,,,,,,,,,,,,,,,,,,,,,,,,,,,,,,,,,,,,,,,,,,,,,,,
10001356,,,,,,1.235,,0.773,,,,,,0.154,,1.271,,,,,1.1540000000000001,,,,,,,,,,,,1.1440000000000001,,,,,,,,,,,,,,,,,,,,,,,,,,,,0.53,,,,,,,,0.6659999999999999,,,,0.75,,,,,,,,,,1.155,,,,,,,,,,,,,,,,,,,,,,,,,,,,,,,,,,,,,,,,,,,,,,,,,,,,,,
10001357,,,0.611,,,,,,0.6709999999999999,,,,,,,,,0.9159999999999999,,1.4169999999999998,,,,,,,,,,,,,,0.0,,,,,,,,,,,,,0.33399999999999996,0.364,,,,,0.9640000000000001,0.914,1.8330000000000002,,,,,,,,,,,,,0.258,,,,,,,,,,,,,,,,,,,,,,,,0.977,,,,,0.16699999999999998,,,,,,0.617,,0.21100000000000002,,,,,,,,,,,,,,,,,,,,,,1.232,,,,,,,,,,
10001361,,,0.715,,,0.693,1.44,,,,,,,,,0.8420000000000001,,,,,,0.435,0.875,,,,,,,0.6,,,,,,0.841,,,,,,,,,,,,0.6609999999999999,,,,,,0.83,,,,,,,,,,,,,,1.125,,,,,,,,,,,,,,,,,,,,,,,,,,,,,,,,,,,,0.643,,0.595,,,,,0.425,,,,,,,,,,,,1.167,,,,,,,,,,,3.125,,,
10001365,,,1.055,,,1.685,0.985,,,,,,,,,0.774,,,,,,0.36700000000000005,0.774,,,,,,,0.522,,,,,,1.087,,,,,,,,,,,,0.583,,,,,,0.611,,1.455,,,,,,,,,0.708,,,1.95,,,,,,,,,,,,,,,,,,,,,,,,,,,,,,,,,,,,0.45299999999999996,,1.636,,,,,1.056,,,,,,,,,,,,0.0,,,,0.821,,,,,,,0.389,,,
10001368,,,,,,1.034,,0.733,,,,,,0.823,,0.62,,,,,0.725,,,,,,,,,,,,0.607,,,,,,0.40399999999999997,,,,,,,,,,,,0.708,,,,,,,,,0.7170000000000001,0.6659999999999999,,,,,,,,0.28600000000000003,,,,0.5529999999999999,,,,,,0.6659999999999999,,,,0.536,0.629,,,,,,,,,,,,,,,,,,,,,,0.36700000000000005,,,,,,,,,,,0.14300000000000002,,,,,,,0.5,,,,,,,,,,,,,
10001369,,,,,,0.715,1.5,,,,,,,,,0.833,,,,,,,,,,,,,,,,,,,,0.2,,,,,,,,,,,,,,,,,,1.4669999999999999,,,,,,,,,,,,,,,,,,,,,,,,,,,,,,,,,,,,,,,,,,,,,,,,,,0.742,,0.39299999999999996,,,,,,,,,,,,,,,,,,,,,,,,,1.0,,,,,,
10001371,,,0.9229999999999999,,,0.6459999999999999,0.85,,,,,,,,,0.569,,,,,,0.45,0.6970000000000001,,,,,,,0.583,,,,,,0.963,,,,,,,,,,,,0.0,,,,,,1.155,,0.16699999999999998,,,,,,,,,1.0,,,0.293,,,,,,,,,,,,,,,,,,,,,,,,1.3330000000000002,0.33399999999999996,,,,,,,,,,,0.385,,1.435,,,,,0.1,,,,,,,,,,,,,,,,,,,,2.0,,,0.33399999999999996,,,
10001422,,,,,,,,,,,,,,,,,,,,,,,,,,,,,,,,,,,,,,,,,,,,,,,,0.833,,,,,,,,,,,,,,,,,,,,,,,,,,,,,,,,,,,,,,,,,,,,,,,,,,,,,,,,,,,,,,,,,,,,,,,,,,,,,,,,,,,,,,,,,
10001862,,,,,,,,,,,,,,,,,,,,0.28600000000000003,,,1.555,,,,,,,,,,,,,,,,,,,,,,,,,,,,,,,,,,,,,,,,,,,,,,,,,,,1.207,,,,,,,,1.5,,,,,,,,,,0.5,,,,,,,,,,,,,,,,,,,,,,,,,,,,,,,,,,,0.708,,,,,,,,,,
10001892,,,0.563,,,,0.6659999999999999,,,,,,,,,,,,,,,,,,,,,,,,,,,,,,,,,,,,,,,,0.33399999999999996,,,,,,,,,,,,,,,,,,,,,,,,,,,,,,,,,,,,,,,,,,,,,0.311,,,,,,,,,,,,,,,,,,,,,,,,,,,,,,,,,,,,,,,,,,,,,
10001896,,,1.143,,,,,,,,,,,,,,,0.542,,,,,,,,,,,,,,,,,,,,,,,,,,,,,1.131,,,,,,,,1.5,,,,,,,,,,,,,,,,,,,,,,,,,,,,,,,,,0.16699999999999998,1.166,,,1.0390000000000001,,,,,0.5,,,1.5,,,0.125,1.071,0.875,,,,,,,,,,,,,,,,,,,,,,0.6609999999999999,,,,,,,,,,
10001907,,,,0.715,,,,,,,,,,,,,,,,,,,0.5329999999999999,,,,,,,0.5329999999999999,,,,,,,,,,,,,,,,,,,,,,,,,,,,,,,,,,,,,,,,,,,,0.667,,,,,,,,,,,,,,,,0.804,,,,,,,,,,0.0,,,,,,,,,,0.5,,,,0.33399999999999996,,,,,,,,,,,,,,,,,,,,,,,
10001911,,,,,,,,0.39299999999999996,,1.067,0.523,,1.25,,,,0.857,0.971,,,,,,0.607,,,,,,,,,,,,,,0.773,,,,,0.34700000000000003,,0.6659999999999999,,,,,,,,,,,,1.034,,0.637,,0.78,,0.75,,,0.8,0.6709999999999999,,,,0.222,1.194,,,,,,,1.4609999999999999,1.166,,,,,0.649,,0.774,,,,0.182,,,0.6409999999999999,,,,,,,,,,,,,,,0.977,,,,,,,,1.126,,,,,,,,,,,,,,,,,,,,
10001918,,,,,,,,,,,0.0,,,,,,,,,,,,,,,,,,,,,,,,,,,,0.5329999999999999,,,,,,0.8440000000000001,,0.0,,,,,1.133,,,,,,0.85,0.358,,0.332,,,,,,,,,,0.9209999999999999,,,,,,,,,0.34700000000000003,,,,,,,1.133,,,,,,,,,,,1.48,0.568,,,,,,,,,,,,,,,,,,,,,,,,,,,,,,,1.5430000000000001,,,,,,,
10001926,,,,,,,,,,,,,,,,,,,,,,,,,,,,,,,,,,,,,,,,,,,,,,,,,,,,,,,,,0.6659999999999999,,,,,,,,,,,,,,,,,,,,,,,,,,,,,,,,,,,,,,,,,0.45299999999999996,,,,,,,,,,,,,,,,,,,,,,,,,,,,,,,,,,,,,,,
10001945,,,,,,,,,,,,,,,,,,,,,,,,,,,,,,,,,,,,,,,,,,,,,,,,,,,,,,,,,,,1.0,,,,,,,0.5,,,,,,,,,,,,,,,,,,,0.728,,,,,,,,,0.971,,,,,,,,,,,,,,,,,,,,,,,1.25,,,,,,,,,,,,,,,,,,,,
10001946,,,,,,,,,,,,,,0.7,,,,,,,,,,,,,,,,,,,,,,,,,,,,,,,,,,,,,,,,,,,,,,,,,,,,,,,,,,,,,,,,,,,,,,,,,,,,,,,,,,,,,,,,,,,,,,,,,,,,,,,,,,,,,,,,,,,,,,,,,,,
10001947,,,,,,,,,,,,,,,,,,,,,,,,,,,,,,,0.833,,,,,,,,,,,,,,,,,,,,,,,,,,,,,,,,,,0.953,,,,,,,,,1.4669999999999999,1.0,,,,,0.16699999999999998,,,,,,,,,,,,,,,,,1.334,,,,,,,,,,,,,,,,,,,,,,,,,,,,,,0.47600000000000003,,,,,,,,,,
10001954,0.414,,,,,,,,,,,,,,,,,,,,,,,,1.0,,,,0.625,,,,,,,,,,,,,,,,,,,,,,,,,,,0.875,,,,,,,,,,,,,,,,,,,1.139,,,,,,,,,,,,,,,,,,,,,0.33399999999999996,0.444,,,0.5329999999999999,0.0,,,,0.833,,,,,,,,,,,,,,,,,,0.6659999999999999,,,1.5,,,,,,,1.056,,,,
10001961,,,,,,,,,,,,,,,,,,,,,,,,0.0,,,,,,,,,,,,,0.5329999999999999,,,,,,,,0.33399999999999996,,,,,,,,,,,,,,,,,,,,,,,,,1.0959999999999999,,,,,,,,,,,,,,,,,,,,,,,,,,,,,,,,,,,,,,,,,,,,,,,,,,,,,,,,,,,,,,,,,,,0.0
10001964,,,,,,,,1.238,,,,,,0.5379999999999999,,1.0,,,,,0.28600000000000003,,,,,,,,,,,,,,,,,,,,,,,,,,,,,,,,,,,,,,,,,,,,,,,,,,,,,,,,,,,,,,0.425,,,,,,,,,,,,,,,,,,,,,,,,,,,,,,,,,,0.5329999999999999,,,,,,,,,,,,,,,,,,,,
10001966,,,,,,,,,,,,,,0.619,,,,,,,0.222,,,,,,0.904,,,,,,,,0.33399999999999996,,0.34700000000000003,,,,,,1.262,,0.722,,,,1.8330000000000002,,,,,,,,,,,,,1.666,,0.0,,,,,,0.718,,1.5,,,,,,,,,,,0.0,,1.7919999999999998,,,,,,,,,,,,,,0.821,,,,,,,,,0.0,,,,,,,,,,0.25,,,,,,,,,,,,,,,,,,,
10001971,,,,,,,,,,0.0,,,,,,,,,,,,,,1.181,,,,,,,,,,,,,0.33399999999999996,,,,,0.33399999999999996,,,,,,,,,,,,,,,,,,,0.25,0.579,,,,0.182,,,,,0.733,,,,,,,,0.75,,,,,,,,0.929,,,,,,,,,,,,,,,,,,,,,,,,,,,,,,,,,,,,,,,,,,,,,,,,,,
10001987,,,,,,,,,,,,,,,,,,,,,,,,,,,,,,,,,,,,,,,,,,,,,,,,,,,,,,,,,,,,,,,,,,,,,,,,,,,,,,,,,,,,,,,,,0.875,,,,,,,,,,,,,,,,,,,,,,,,,,,,,,,,,,,,,,,,,,,,,,,,
10001988,,,,,,,,,,,,,,,,,,,,0.5720000000000001,,,,,,,,,,,,,,1.133,,,,,,,,,,,,,,,,,,,,,,,,,,,,,,,,,,,,,,,,,,,,,,,,,,,,,,,,,,,,,,,,,,,,,,,,,,,,,,,,,,,,,,,,,,,,,,,,,,,,,,,
10001989,1.024,,,,,,,,,,,,,,,,,,,,,,,,,,,,1.1,,,,,,,,,,,,,,,,,,,,,,,,,,,,,,,,,,,,,,,,,,,,,,,,,,,,,,,,,,,,,,,,,,,,,,,1.413,,,,,,,,,,,,,,,,,,,,,1.125,,0.6659999999999999,,,,,,,,,,1.084,,,,
10002005,,,,,,0.804,,,,,,,,,,,,,1.25,,,,,,,,,,,,,,,0.9009999999999999,,0.866,,,,,,,,,,,1.021,0.75,,,,,0.11800000000000001,,,0.583,,,,,,,,,1.571,,,,,,,,,,,,,,,,,,,,,,,0.551,1.081,,,,,,,,0.33399999999999996,,,,,,,,1.0979999999999999,,,,,,,,,,,,,,0.6659999999999999,,,,,,,,,,,,,,,,,,
10002013,,,,,,,,0.33399999999999996,,,,,,,1.8330000000000002,,,,,,0.625,,,,0.28600000000000003,1.5330000000000001,,,,,0.33399999999999996,,,,,,,,0.583,,,,,1.0,,,,,0.633,,,,,,,,,,,0.365,,,0.584,,,,,,0.722,1.429,0.708,,,,,,,,,,,,,,,,,,,,0.91,,,,,,,,,,,,,,,,,,1.25,,,,,,0.534,,1.063,,,,,,,,0.33299999999999996,,,0.929,,,,,,,,,
10002054,,,,,,,,,,,,,,,,,,,,,,,,,,,,,,,,,,,0.25,,0.6659999999999999,0.865,,,,,,,,,,,,0.444,,,,,,,,,,,,,,,,,0.77,,1.7,1.125,,,,,,,0.6659999999999999,,,0.16699999999999998,,,,,,,,,,,0.583,,,0.126,,,,,,,,,,,,,,,,,,,,,,0.5,0.302,,,,,,,,,,,,,,,,,,,,
10002076,1.2570000000000001,,,,,0.111,,,,,,,,,,,,,,,,,,,1.286,,,,1.194,,,,,,,,,,,,,,,,,,,,,,,,,,,0.586,,,,,,,,,,,,,,,,,,,1.074,,,,,,,,,,,,,,,,,,,,,0.5329999999999999,1.1540000000000001,,,1.306,0.8320000000000001,,,,0.7859999999999999,,,,,,,,,,,,,,,1.0,1.6669999999999998,,1.3,,,0.9670000000000001,,,,,,,0.7,,,,
10002082,,,,,,,,,,,,,,,,,,,,,,,,,,,,,,,,,,,,,,,,,,,,,,,,,,,,,,,,,,,,,,,,,,,,,,,,,,,,,,,,,,,,,,,,,1.285,,,,,,,,,,,,,,,,,,,,,,,,,,,,,,,,,,,,,,,,,,1.0,,,,,,
10002087,,,,,,,,,,1.8459999999999999,0.958,2.167,,0.7290000000000001,,,,,,,0.733,,,,0.6970000000000001,,,,,,,,0.542,,0.0,,0.917,,,,,,,,,,,,1.25,,,,,,,,,,,0.69,,,,0.28600000000000003,,1.133,,,1.278,,,,,,,,0.523,,,1.214,,,1.278,0.34700000000000003,1.714,,,,,,,,,2.0,,,,,,,,,,,,,,0.94,,,,,,,,0.5,,,,,,,,,,,,,,,,,,,,,
10002093,0.705,,,,,1.167,,,,,,,,,,,,,,,,,,,,,,,,,,,,,,,,,,,,,,,,,,,,,,,,,,1.122,,,,,,,,,,,,,,,,,,,1.7619999999999998,,,,,,,,,,,,,,,,,,,,,1.3,1.0,,,,1.166,,,,,,,,,,,,,,,,,,,0.9,,,,,,,,,,,,,,,,,
10002094,,,,,,1.1540000000000001,0.16699999999999998,,,,,,,,,0.873,,,,,,1.6,,,,,,,1.0,1.125,,,,,,0.975,,,,,,,,,,,,,,,,,,0.9440000000000001,,0.6659999999999999,,,,,,,,,0.555,,,,,,,,,,,,,,,,,,,,,,,,,,,,,,,0.16699999999999998,,,,,,,,0.48100000000000004,,0.0,,,,,1.1,,,,,,,,,,,,,,,,0.708,,,,1.3330000000000002,,,,,,
10002126,,,,0.33399999999999996,,,,,,,,,,,,,,,,,,0.5429999999999999,,,,,,,,,,,,,,,,,,,,,,,,,,,,,,,,,,,,,,,,,,,,,,,,,,,,,,,,,,,,,,,,,,,,,,,,,,,,,,,,,,,,,,,,,,0.597,,,,,,,,,,,,,,,,,,,,,,,,,
10003122,,,1.1,,,,,,,,,,,,,,,,,,,,,,,,,,,,,,,0.16699999999999998,,,,,,,,,,,,,1.222,,,,,,,,,,,,,,,,,,,,,,,,,,,,,,,,,,,,,,,,,,,0.0,,,1.375,,0.7859999999999999,,,,,,,,,,,,,,,,0.607,,,,,,,,0.8340000000000001,,,,,,,,,,,,,,,,,,
10003133,,,,,,,,,,,,,,,,,,,,,,,,,,,,,,,,,,,0.5720000000000001,,0.33399999999999996,2.1109999999999998,,,,,,,,,,,,0.5,,,,,,,,,,,,,,,,,0.39299999999999996,,,,,,,,,,,,,1.1,,,,,,,,,,,,,,0.3,,,,,,,,,,,,,,,,,,,,,,,,,,,,,,,,,,,,,,,,,,,
10003163,,,,,,,,,,,,,,,0.39299999999999996,,,,,,,,,,,,,,,,,,0.154,,,,,,,,,,,,,,,,,,,,,,,,,,,1.229,,,,,,,,,,,,,,,,,,,,,,,,,,,,,,,,,,,,,,,,,,,,,,,,,1.167,,,,,,,,,,,,,,,,,,,,,,,,,,,,
10003192,,,1.7619999999999998,,,,,,,,,,,,,,,,,,,,,,,,,,,,,,,,,,,,,,,,,,,,,,,,,,,,,,,,,,,,,,,,,,,,,,,,,,,,,,,,,,,,,,,,,,,,0.0,,,,,,,,,,,,,,,,1.171,,,,,,,,,,,,,,,,,,,,,,,,,,
10003193,0.33399999999999996,,,,,,,,,,,,,,,,,0.0,,,,,,,,,,,,,,,,0.33399999999999996,,0.8340000000000001,,,,,,,,,,,,,,,,,,,,,,,,,,,,,0.14800000000000002,,,,,,,,,0.733,0.522,,,,,2.167,,,,,,,,,,1.208,,,,,,,1.232,,,,,,,,,,,,,0.8340000000000001,,,,,,,,,,,,,,,,,,,,,,,,,,,
10003204,0.28600000000000003,,,,,,,,,,,,,,,,,,,,,,,,,,,,,,,,,,,,,,,,,,,,,,,,,,,,,,,,,,,,,,,,,,,,,,,,,,,,,,,,,,,,,,,,,,,,,,,,,,,,,,,,,,,,,,,,,0.777,,,,,,,,,,,,,,,,,,,,,,,
10003208,,,,,,,,,,,,,,,,,,,,,0.523,,,,0.16699999999999998,0.607,,,,,,,,,,,,,,,,,,0.8,,,,,0.858,,,,,,,,,,,0.9,,,0.75,,,,,,,,1.0,,,,,,,,,,,,,,,,,,,,,,,,,,,,,,,,,,,,,,0.91,,,,,,,,1.0,,,,,,,,0.583,,,0.5329999999999999,,,,,,,,,
10003217,,,,,,,,,,,,,,,,,,,,,,,,,,,,,,,,,,,,,,,,,,,,,,,0.2,,,,,,,,,,,,,,,,,,,,,,,,,,,,,,,,,,,,,,,,,,,,,0.6659999999999999,,,,,,,,,,,0.33399999999999996,,,,,,,,,,,,,,,,,,,,,,,,,,,,,,,,,,
10003232,,,,,,0.542,,,,,,,,,,,,,0.5,,,,,,,,,,,,,,,0.154,,0.522,,,,,,,,,,,1.166,1.167,,,,,0.222,,,0.33299999999999996,,,,,,,,,,,,,,,,,,,,,,,,,,,,,,,,0.44,0.7440000000000001,,,,,,,,,,,,,,,,,,,,,,,,,,,,,,,,,,,,,,,,,,,,,,,,
10003277,,,,,,,,,,,,,,,,,,,,,,,,,,,,,,,,,,,,,,,,,,,,,,,,,0.955,,,,,,,,,,,,,,,,,,,,,,,,,,,,,,,,,,,,,,,,,,,,,,,,,,,,,,,,,,,,,,,,,,,,,,,,,,,,,,,,,,,,,,,,
10003295,,,,,,,,,,,,,,,,,,,,,,,,,,,,,,,,,,,,,,,,,,,,,,,,,,,,,,,,,,,,,0.6659999999999999,,,,,,,,,,,,,,,,,,,,,,,,,,,,,,,,,,,,,,,,,,,,,,,,,,,,,,,,,,,,,,,,,,,,,,,,,,,,
10003298,,,,,,,,,,,,,,,,,,,,0.142,,,0.748,,,,1.053,,,,,0.8340000000000001,,,,,,,,,,,,,,,,,,,,,,,,,,,,,,,,,0.8290000000000001,,0.875,,,,,,,0.875,,,,,,,,1.6669999999999998,,,,,,,,,,,,,,,,,,,,,1.183,,,,,,,,,,,0.953,,,,,,,,,,,,,0.956,,,,,,,0.8440000000000001,,,
10003312,,,,,,,,,,,,,,,,,,,,,,,,,,,,,,,,,,0.16699999999999998,,,,,,,,,,,,,,,,,,,,,,,,,,,,,,,,,,,,,,,,,,,,,,,,,,,,,,,,,,,,,,,,,,,,,,,1.071,,,,,,,,,,,,,,,,,,,,,,,,,,,,,,,,
10003328,,,,,,,,,,1.166,,,,0.33399999999999996,0.5329999999999999,,,,,,,,,,,,,,,,,,,,,,,,,,,0.16699999999999998,,,,,,,,,,0.28600000000000003,,,,,0.0,,,,,,,,,0.629,,,,,,,,,,,,,0.0,,,,,,,,,,,,,,,,,,,,,,,,,,,,,,,,,,,,,,,,,,,,,,,,,,,,,,,,,,
10003343,,,,,,,,,,,,,,,,,,,,,,1.069,,,,,,,,,,,,,,0.46399999999999997,,,,,,,,,,,,,,,,,,,,,,,,,,,,,0.6659999999999999,,,,,,,,,,,,,,,,,,,,,,,,,,,,0.33399999999999996,,,1.143,,,,,,,,,,,,,,,0.125,,,,,,,,,,,,,,,,,,,,,,,,,,
10003509,,,0.583,,,,0.33299999999999996,,,,,,,,,,,,,,,,,,,,,,,,,,,,,,,,,,,,,,,,,,,,,,,,,,,,,,,,,,,,,,,,,,,,,,,,,,,,,,,,,0.5329999999999999,,,,1.063,,,,,,,,,,,,,,,,,,,,,,,,,,,,,,,,,,,,,,,,,,,,,
10004784,,,,,,,,,,,,,,,,,,,,,,,,,,,,,,,,,,,,,,,,,,,,,,,,,,,,,,,,,,,,,,,,,,,,,,0.33399999999999996,,,,,,,,,2.267,,1.0,,,,,,,,,,,,,,,,,,0.9670000000000001,,,,,,,,,,,,,,,,,,,0.733,,,,,,,,,,,,,,,,,,,
10005235,0.904,,,1.071,,0.69,,,,,,,,,,,,,,,,,,,,,,,,,1.167,,,,,,,,,,,,,,,,,,,,,,,,,,,,,,,,,,,,,,,,,,,,1.0,,,,,,,,,,,,,,0.9890000000000001,0.667,,0.536,,,,,,,,0.33299999999999996,,,,,0.872,,,,,1.089,,,,,,,,,,0.0,,,,,,,,,,,,,,,,,
10005299,0.237,,,1.083,,,,,,,,,,,,1.406,,1.067,,,,,0.73,,,,,,,,,0.833,,,,,,,,,,,,,,,,,,,,,,,,,,,,,,,,,,,,,,,,,0.5,,,,,,,,,,,,,,,,0.953,0.55,0.6609999999999999,,,,,,,,,,0.9640000000000001,,0.414,,1.015,,,,,0.0,,,,0.9,,,0.5,,,0.625,,,0.9,,,0.929,,,0.34700000000000003,,,,,0.708,,,
10005300,,,,,,,,,,,,,,,,,,,,,,,,,,,,,,,,,,,,,,,,,,,,,,,,,,,,,,,,,,,,,,,,,,,,,,,,,,,,,,,,,,,,,,,,,,,,,,,,,,,,,,,,,,,,,,,,,,,,,,,,,,,1.0,,,,,,,,,,,,,,
10005306,0.5,,,,,,,,,,,,,,,,,0.5720000000000001,,,,,1.355,,,,,,,,,,,,,,,,,,,,,,,,,,,,,,1.5,,,,,,,,,,,,,,,,,,,,,,,,,,,,,,,,,,,,,,,,,,,,1.167,,,,,,,,,,,,,,,,,,,,,,,,,,,,,,,,1.334,,,,1.5,0.5,,,
10005307,1.435,,,,,,,,,,,,,,,,,,,,,,,,,,,,0.708,,,,,,,,,,,,,,,,,,,,,,,,,,,1.125,,,,,,,,,,,,,,,,,,,2.171,,,,,,,,,,,,,,,,,,,,,,,,,1.133,0.542,,,,,,,,,,,,,,,,,,,,0.929,,0.33299999999999996,,,0.47600000000000003,,,,,,,1.102,,,,
10005308,,,,,,,,,,1.867,,,,,,,0.812,,,,,,,,,0.762,0.0,,,,,,,,,,,,0.8340000000000001,,,,,,,,,,,,,,,,,,,,,,,,,,,0.9329999999999999,,,,,,,,,,,,,,,,,,,,,,,,,,,,,,,,,,,,,,,,,,,,,,,,,,,,,,,,,,,,,0.857,0.33299999999999996,,,,1.3,,,,,
10005363,,,,,,,,,,,,,,1.0,,,,,,,,,,,0.111,,1.2670000000000001,,,,,,,,0.344,,0.894,,,,,,0.33399999999999996,,0.693,,,,0.7020000000000001,,,,,,,,,,,,,0.0,0.953,,,,,,0.75,0.8959999999999999,0.873,,,,,,,,,,,,0.9,,0.777,,,,,,,,,,,,,,0.619,,,,,,,,,0.733,,,,,,,0.33299999999999996,,1.0,0.125,,,,,,,,,,,,0.282,,,,,,,
10005366,,,,,,,,,,,,,,,,,,,,,,,,,,,0.953,0.33399999999999996,,,,,,,,,,,0.33399999999999996,,,,,,0.45299999999999996,,,,,0.953,,,,,,,,,,,,,,1.0,,,,,,,,,,,,,,,,,,,,,1.0,,,,,,,,,,,,,,0.929,,,,,,,,,0.28600000000000003,,,,,,,,,,,,,,,,,,,,,,,,,,,,,
10005377,,,,,,,,,,,,,,,,,0.33399999999999996,,,0.1,,,0.517,,,,,,,,,,,,,,,,,,,,,,,,,,,,,,,,,,,,,,,,,,1.0,,,,,,,,,0.182,,,,,,,,,,,,,,,,,,0.0,,,,,,,,,,,0.524,,,,,,,,,,,0.486,,,,,,,,,,,,,0.9620000000000001,,,,,,,1.182,,,
10005384,0.16699999999999998,,0.706,,,,0.311,,,,,,,,,,,,,,,0.166,,,,,,,0.833,0.5329999999999999,,,,,,,,,,,,,,,,,,,,,,,,,,,,,,,,0.5,,,,,,,,,,,,,,,,,,,,,,,,,,,,,,,,,0.583,1.069,,,,,,,,,,,,,,,0.534,1.06,,,,,,,,0.45299999999999996,,,0.462,,,,,,,,,,,,,,
10005445,,,,,,,,,,,,,,,,,,,,,,,,,,,,,,0.715,,,,0.322,,,,,,,,,,,,,,,,,,,1.0,,,,,,,,,,,,,,,,,,,,,,,,,,,,,,,,,2.0,,,1.0,,,,,,,,,,,,,,,,,1.444,,,,0.583,,,,0.0,,,,,,,,,1.111,,,,,,,,0.268,,,,,,
10005472,,,,,,,,,,,,,,,,,,,,,,,,,,,,,,,,,,,,,,,,,,,,,,,,,,,,,,,,,,,,,,,,,,,,,,,,,,,,,,,,,,,,,,,,,,,,,,,,,,,,,,,,,,,,,,0.583,,,,,,,,,,,,,,,,,,,,,,,,,,,
10005480,,,,,,,,,,,,,,,,,,,,,,,,,,,,,,,,,,,,,0.875,0.45299999999999996,,,,,,,2.278,,,,,,,,,,,,,,,,,,,,,,,,,,,,,,,,,,,,,,,,0.33399999999999996,,,,,,,,,,,,,,0.753,,,,,,,,,,,,,,,,,,,,,,,,,,,,,,,,,,,,,,
10005498,,,,,,,0.536,,,,,,,,,,,,,,,0.237,,,,,,,0.4,1.5,,,,,,,,,,,,,,,,,,,,,,,,,,,,,,,,0.4,,,,,,,,,,,,,,,,,,,,,,,,,,,,,,,,,0.425,0.6940000000000001,,,,,,,,,,,,,,,0.6659999999999999,1.056,,,,,,,,1.25,,,,,,,,,,,,,,,,,
10005530,,,,,,,,0.807,,,1.133,,,,,,0.42200000000000004,,,,,,,,,,,,,,,,,,,,,,,,,,,,,,,,,,,,,,,,,0.794,1.445,,,,,,,1.0,,,0.133,,,,,,,0.41700000000000004,0.8909999999999999,0.555,,,,,0.6459999999999999,0.375,,,,,,,,,,,,,,1.681,0.16699999999999998,,,,,,,,,,,,,,,,,0.6970000000000001,,,,,,,,,,,,,,,,,,,0.28600000000000003,,
10005589,,,,,0.25,,,0.33299999999999996,,,3.057,,,,,,,,,,,,,,,,,,,,,,,,,,,,,,,,,,0.584,,0.75,,,1.4669999999999999,,0.667,,,,,,0.92,0.875,,0.573,,,,,,,0.5329999999999999,,,0.6459999999999999,,,,,,,,,,,,,,,,2.0669999999999997,,,,,,,,,,,0.39299999999999996,0.8290000000000001,,,,,,,,,,,,,,,,,,,,,,,,,,,,,,,,,,,,,,
10005597,,,,,,,,,,,,,,,,,,,,0.33299999999999996,,,,,,,,,,,,,,,,,,,,,,,,,,,,,,,,,,,,,,,,,,,,,,,,,,,,,,,,,,,,,,,,,,,,,,,,,,,,,,,,,,,,,,,,,,,,,,,,,,,,,,,,,,,0.75,,,,,,,,,,
10005633,,,,,,,,,,,,,,,,,,,,,,,,,,,,,,,,,,,,,,,,,,,,,,,,,,,,,,,,,,,,,,,,,,,,,,,,,,,,,,,,,,,,,,,,,,,,,,,,,,,,,,,,,,,,,,,,,,,,,,,,,1.4169999999999998,,,,,,,,,,,,,,,,
10005661,,,,,,,,,,,,,,,,,,,,,,,,1.6669999999999998,,,,,,,,,,,,,2.339,,,,,,,,,,,,,,,,,,,,,,,,1.0,,,,,0.5329999999999999,,,,0.222,0.0,,,,,,,,,,,,,,,,0.6659999999999999,,,,,,,,,,,,,,,,,,,,,,,,,,,,,,,,,,,,,,,,,,,,,,,,,,
10005716,,,,,,,,,,,,,,,,,,,,,,,,,,,,,,,,,,,,,,,,,,,,,,,,,,,,,1.6669999999999998,,,,,,,,,,,,,,,,,,,,,,,,,,,,,,,,,,,,,,,,,,,,,,,,,,2.0,,,,,,,,,,,,,,,,,,,,,,,,,,,,,,,,,,
10005741,1.089,,,,,,,,,,,,,,,,,0.7,,1.571,,,1.5,,,,,,,,0.804,,,,,,,,,,,,,,,,,,,,,,,2.238,,,,,,,,,,,,,,,,,,,,,,,,,,,,,,,,,,,,,,,,,,,1.429,,,,,1.0,,3.033,,,,,,,,,,,,,,,,,,,,,,,,,,,,,0.0,1.166,,,
10005751,,,,,,,,,,,,,,,,,0.8340000000000001,,,,,,,,,,,,,,,,,,,,,,,,,,,,,,,,,,,,,,,,,0.33399999999999996,0.125,,,,,,,,,,0.444,,,,,,,0.833,,0.0,,,,,,,,,,,,,,,,,,,,0.14300000000000002,,,,,,,,,,,,,,,,,,,,,,,,,,,,,,,,,,,,,,,
10005821,,,,,,,,,,,,,,,,,,,,,,,,,,,,,,,,,,,,,,,0.5,,,,,,,,,,,,,,,,,,,,,,,,,,,,,,,,,,,,,,,,,,,,,,,,,,,,,,,,,,,,,,,,,,,,,,,,,,,,,,,,,,,,,,,,,,,,,,,,,,
10005834,0.857,,,0.6659999999999999,,,,,,,,,,,,0.67,,,,,,,1.1,,,,,,,,,,,0.833,,,,,,,,,,,,,,,,,,,,,,,,,,,,,,,,,,,,,,,0.573,,,,,,,,,,,,,,,,0.5720000000000001,0.0,,,,,,,,,,,0.75,,1.166,,,,,,,0.9,,,,0.4,,,0.5329999999999999,,,0.733,,,,,,,,,,,,,,,,,
10005888,,,,,,,,,,,,,,,,,,,,,,,,,,,,,,,,,,,,,,,,,,,,,,,,,,,,,,,,,,,,,,,,,,,,,,,,,,,,,,,,,,,,,,,,,,,,0.28600000000000003,,,,,,,,,,,,,,,,,,,,,,,,,,,,,,,,,,,,,,,,,,,,,
10006007,,,,,,,,,,,,,,,,,,,,,,,,,,0.0,,,,,,,,,,,,,,,,,,,,,,,,,,,,,,,,,,,,,,,,,,,,,,,,,,,,,,,,,,,,,,,,,,,,,,,,,,,,,,,,,,,,,,,,,,,,,,,,,,,,,1.6669999999999998,,,,,,,,,,
10006044,,,,,,,,,,,,,,,,,,,,,,,,,0.75,1.571,1.811,,,,,,,,,,0.308,,0.16699999999999998,,,,,,0.5,,,,,0.0,,,,,,,,,,,,,,0.523,,,,,,,,,,,,,,,,,,,,,,,,,,,,,,0.0,,,,,0.8,,,,,,,,,0.33299999999999996,,,,,,,,,,1.125,,,,,,,,,,,,,,,,,,,
10006046,,,,,,,,,,,,,,,,,,,,,,,,,,,,,,,,,,,,,,,,,,,,,,,,,,,,,,,,1.0,,,,,,,,,,,,,,,,,,,1.3330000000000002,,,,,,,,,,,,,,,,,,,,,,1.001,,,0.33399999999999996,,,,,1.931,,,,,,,,,,,,,,,,,,,,,,,,,,,,0.5720000000000001,,,,
10006056,,,,,,,,,,,,,,,,,,,,,,,,,0.8190000000000001,0.968,0.142,,,,,,,,,,0.428,1.166,,,,,,,0.5,,,,,,,,,,,,,,,,,,,0.5,,,,,,,,1.3330000000000002,,,,,,,,,,,,,,,,,,,,,,,,,,,,,,,,,,,,,,,,,,,0.833,,,,,,,,,,,,,,,,,,,,,,
10006072,,,,,,,,,,,,,,0.5329999999999999,0.36700000000000005,,,,,,1.5,,,,,,,,,,,,,,,,,,,,,,,,,,,,,,,,,,,,0.33399999999999996,,,,,,,,,,,,,,,,,,,,,,,,,,,,,,,,,,,,,,,,,,,,,,,,,,,,,,,,,,,,,,,,,,,,,,,,,,,,,,,,
10006088,,,,,,,,,,,,,,,,,1.222,,,,,,,,,,,,,,,,,,,,,,,,,,,,,,,,,,,,,,,,,,0.6,,,,,,,,,,,,,,,,,,,,,,,,,,0.28600000000000003,,0.833,,,,1.0,,,,,,,,,,,,,,,,,,,,,,,,,,,,,,,,,,,,,,,,,,,,,,
10006124,,,,,,1.415,,,,,,,,,,,,,2.215,,,,,,,,,,,,,,,0.16699999999999998,,0.722,,,,,,,,,,,,0.6609999999999999,,,,,,,,,,,,,,,,,,,,,,,,,,,,,,,,,,,,,,,,0.16699999999999998,1.3559999999999999,,,,,,,,,,,,,,,,0.16699999999999998,,,,,,,,,,,,,,,,,,,,,,,,,,,,,,,,
10006164,,,,,,,,,,1.0,,,,,,,0.33299999999999996,,,,,,,,,0.33399999999999996,,,,,,,,,,,,0.25,,,,,,,,,,,,,,,,,,,,,,,,,,,,,,,,,,,,,,,,,,,,,,,,,,,,,,,,,,,,,,,,,,,,,,,,,,,,,,,,,,,,,,,0.75,,0.33399999999999996,,,,,0.0,,,,,
10006208,,,,,,,,,,,,,,,,,,,,,,,,,,,,,,,,,,,,,,,,,,,,,,,,1.214,,,,,,,,,,,,,,,,,,,,,,,,,,,,,,,,,,,,,,,,,,,,,,,,,,,,,,,,,,,,,,,,,,,,,,,,,,,,,,,,,,,,,,,,,
10006212,,,,,,,,,,,,,,,,,,,0.733,,,,,,,,,,,,,,,,,0.083,,,,,,,,,,,,0.858,,,,,1.1,,,,,,,,,,,,,,,,,,,,,,,,,,,,,,,,,,,,0.25,,,,,,,,,,,,,,,,,,,,,,,,,,,,,,,,,,,,,,,,,,,,,,,,
10006247,,,,,,,,,,,,,,,,,,,,,,,,,,,,,,,,,,,,,,,,,,,,,,,,,,,,,,,,,,0.33399999999999996,,,,,,,,,,,,,,,,,,,,,,,,,,,,,,,,,,,,,,,,,,,,,,,,,,,,,,,,,,,,,,,,,,,,,,,,,,,,,,,
10006354,,,,,,,,,,,,,,,0.972,,,,,,1.0,,,,0.429,,,,,,,,,,,,,0.6659999999999999,,,0.0,,,,,,,,0.33399999999999996,0.9,,,,,,,0.364,1.0,0.804,,,,1.1440000000000001,,,,,,0.586,,,,,,,,1.055,,,0.7,,,0.6970000000000001,0.14300000000000002,,,,,,,0.0,,,0.833,,,,,,,,,,,,,,,0.0,,,,,,0.6659999999999999,,,,,,,,,,,,,,,,,,,,,,
10006402,,,,,,,,,,,,,,,,,,,,,,,,,,,,,,,,,,,,,,,,,,,,,,,,,,,,,,,,,,,,,,,,,,,,,,0.708,,,,,,,,,,,,,,,,,0.733,,,,,,,,,,,,,,,,,,,,,,,,,,,,,,,,,,,,,,,,,,,,,,,,,,
10006561,,,,,,,,0.33399999999999996,,,,,,,,,,,,,0.182,,,,,,,,,,,,0.708,,,,,,,,,,,,,,,,,,,,,,,,,,,,,,,,,,,,,,,,,,,,,,,,,,0.8190000000000001,,,,,,,,,,,,,,,0.14300000000000002,,,,,,,,,,,,,,,,,,,,,,,,,,,,,,,,,,,,,,,
10006568,,,,,,,,,,,,,,,,,,,,,0.0,,,,,,,,,,,,0.33399999999999996,,,,0.41600000000000004,,,,,,,,0.929,,,,,,,,,,,,,,,0.929,3.284,,,,,,,,,,0.14300000000000002,,,,,,,,,,,,,,,,,,,,,,,,,,,,,,,,,,,,,,,,,,,,,,,,,,,,,,,,,,,,,,,,,,
10006662,,,,,,,,1.0,,,1.232,,,0.33399999999999996,0.0,,0.727,,,,,0.599,,1.14,,,1.324,0.927,,,,,1.571,,0.237,,,,,,,,,,,,,,,,,,,,,,0.705,0.455,,,,0.8290000000000001,,0.6890000000000001,,,0.914,,,0.762,,,,,,,,0.16699999999999998,,,0.7020000000000001,,,,,,0.9390000000000001,,,,,,,,,,,0.5,0.444,,,,,,,,,,,,,,,,0.733,,,1.6669999999999998,,,,,,,,,,,,,,,,,,,
10006695,,,,,,0.0,,,,,,,,,,,,,,,,,,,,,,,,,,,,,,,,,,,,,,,,,,,,,,,,,,,,,,,,,,,,,,,,,,,,,,,,,,,,,,,,,,0.429,,,,,,,,,,,,,,,,,,,,,,,,,,,,,,,,,,,,,,,,,,,,,,,,,
10006927,,,,,,0.498,,,,,,,,,,,,,1.162,,,,,,,,,,,,,,,,,,,,,,,,,,,,,,,,,,,,,,,,,,,,,,,,,,,,,,,,,,,,,,,,,,,,,,0.0,,,,,,,,,,,,,,,,1.133,,,,,,,,,,,,,,,,,,,,,,,,,,,,,,,,
10007148,,,,,,,,,,,,,,,,,,,,,,,,,,,,,,,,,,,,,,,1.3330000000000002,,,,,,0.614,,0.6659999999999999,,,,,0.0,,,,,,0.9440000000000001,0.75,,0.25,,,,,,,,,,0.27699999999999997,,,,,,,,,,,,,,,,,,,,,,,,,,,1.085,0.526,,,,,,,,,,,,,,,,,,,,,,,,,,,,,,,0.268,,,,,,,
10007200,,,,,,,,,,,,,,,,,,,,,,,,,,,,,,,,,,,0.28600000000000003,,,,,,,,,,,,,,,0.444,,,,,,,,,,,,,,,,,0.583,,,0.33399999999999996,,,,,,,,,,,,,,,,,,,,,1.857,,,0.523,,,,,,,,,,,,,,,,,,,,,,,1.1420000000000001,,,,,,,,,,,,,,,,,,,,
